index,voxRowNum,Structure-ID,X,Y,Z,Cluster_4,Cluster_6,Cluster_8,Cluster_13,Actb-74881516
0,51174,852,53,25,18,0,0,0,0,0.15061583
1,51787,136,63,34,18,3,1,5,5,0.12459695
2,53921,852,53,25,19,1,5,1,1,0.13760318
3,53988,852,53,26,19,3,1,1,12,0.13135976
4,54466,136,62,33,19,2,2,7,7,0.1751457
5,56668,852,53,25,20,1,5,6,6,0.14651774
6,56735,852,53,26,20,1,5,1,1,0.137566
7,56802,852,53,27,20,3,1,1,12,0.13256493
8,56869,852,53,28,20,1,5,6,9,0.14205235
9,56878,852,62,28,20,0,4,4,4,0.16286421
10,56936,852,53,29,20,0,0,0,0,0.15156797
11,56945,136,62,29,20,0,4,4,4,0.16528298
12,56946,1098,63,29,20,0,4,4,4,0.16575316
13,56947,1098,64,29,20,0,0,4,10,0.15861937
14,57004,852,54,30,20,0,0,0,0,0.15482213
15,57005,852,55,30,20,2,4,7,7,0.1689471
16,57009,136,59,30,20,2,2,2,2,0.18206342
17,57012,136,62,30,20,0,4,4,4,0.16268216
18,57013,1098,63,30,20,0,4,4,4,0.16353177
19,57014,1098,64,30,20,0,4,4,4,0.16346246
20,57070,136,53,31,20,1,5,1,9,0.13915056
21,57071,852,54,31,20,0,0,0,0,0.15041319
22,57072,852,55,31,20,0,4,4,4,0.16718009
23,57074,852,57,31,20,0,4,4,4,0.16590467
24,57075,136,58,31,20,2,4,7,7,0.17458141
25,57076,136,59,31,20,2,4,7,7,0.17178328
26,57079,136,62,31,20,0,0,4,10,0.16070528
27,57080,1098,63,31,20,0,4,4,4,0.16387288
28,57137,136,53,32,20,3,1,1,12,0.13199396
29,57138,852,54,32,20,1,0,0,0,0.15025519
30,57143,136,59,32,20,2,4,7,7,0.16882999
31,57146,136,62,32,20,0,0,4,10,0.1610906
32,57147,136,63,32,20,2,4,7,4,0.16808815
33,57204,661,53,33,20,3,1,1,12,0.1317593
34,57206,661,55,33,20,0,0,4,10,0.15879656
35,57209,852,58,33,20,0,4,4,4,0.16586244
36,57210,978,59,33,20,2,4,7,7,0.17456242
37,57213,136,62,33,20,2,2,7,7,0.17577249
38,57214,136,63,33,20,2,2,2,2,0.17954634
39,57215,136,64,33,20,3,3,3,3,0.10432111
40,57271,661,53,34,20,3,1,5,12,0.1279483
41,57272,661,54,34,20,0,0,0,0,0.15092723
42,57273,661,55,34,20,0,4,4,4,0.16568781
43,57274,661,56,34,20,1,5,6,6,0.14557375
44,57276,978,58,34,20,0,0,0,0,0.15288116
45,57277,978,59,34,20,2,4,7,7,0.16926853
46,57278,978,60,34,20,0,0,4,10,0.1609402
47,57281,136,63,34,20,0,4,4,4,0.16471978
48,57339,661,54,35,20,1,5,1,1,0.13677122
49,57340,661,55,35,20,0,4,4,4,0.16216135
50,57341,661,56,35,20,1,5,6,6,0.14744279
51,57343,978,58,35,20,1,5,6,9,0.14364105
52,57344,978,59,35,20,1,5,1,1,0.13816777
53,59482,852,53,26,21,0,0,0,0,0.15230523
54,59549,852,53,27,21,1,5,1,9,0.13895403
55,59556,852,60,27,21,1,0,0,6,0.15002517
56,59558,852,62,27,21,0,0,4,10,0.1591868
57,59560,1098,64,27,21,0,0,4,10,0.15911934
58,59617,852,54,28,21,1,5,1,9,0.13962771
59,59623,852,60,28,21,2,4,7,7,0.16876595
60,59624,852,61,28,21,0,4,4,4,0.16233538
61,59625,852,62,28,21,2,4,7,4,0.16822377
62,59627,1098,64,28,21,0,0,4,10,0.15999924
63,59684,852,54,29,21,1,5,6,9,0.14206584
64,59685,852,55,29,21,0,0,0,10,0.15746523
65,59686,852,56,29,21,1,5,6,6,0.14762208
66,59687,852,57,29,21,0,0,0,0,0.15489285
67,59688,852,58,29,21,2,4,7,7,0.17448431
68,59689,852,59,29,21,2,2,2,11,0.18861279
69,59690,852,60,29,21,2,2,2,2,0.1795017
70,59691,136,61,29,21,2,4,7,7,0.17184944
71,59692,136,62,29,21,2,4,7,7,0.17109041
72,59693,1098,63,29,21,0,4,4,4,0.16465947
73,59694,1098,64,29,21,0,0,0,0,0.15479058
74,59750,136,53,30,21,1,5,6,9,0.1423686
75,59751,852,54,30,21,1,5,6,9,0.14341581
76,59752,852,55,30,21,0,4,4,4,0.1671142
77,59753,852,56,30,21,0,0,0,10,0.15748125
78,59754,852,57,30,21,2,4,7,7,0.17157654
79,59755,852,58,30,21,2,2,2,2,0.18352996
80,59756,136,59,30,21,2,2,2,2,0.18248117
81,59757,136,60,30,21,2,4,7,7,0.17358923
82,59758,136,61,30,21,0,4,4,4,0.16470808
83,59759,136,62,30,21,0,4,4,4,0.16247259
84,59760,1098,63,30,21,0,0,0,10,0.15712287
85,59761,136,64,30,21,0,0,0,0,0.15460275
86,59762,1098,65,30,21,0,4,4,4,0.1640813
87,59817,136,53,31,21,3,1,5,12,0.12958011
88,59818,852,54,31,21,1,5,6,9,0.14378038
89,59819,852,55,31,21,0,4,4,4,0.16551816
90,59820,852,56,31,21,0,4,4,10,0.16165622
91,59821,852,57,31,21,2,4,7,7,0.17095499
92,59822,136,58,31,21,2,2,7,7,0.17560786
93,59823,136,59,31,21,2,4,7,7,0.17143
94,59824,136,60,31,21,0,0,4,10,0.1595723
95,59825,136,61,31,21,0,0,0,10,0.15664087
96,59826,136,62,31,21,0,0,4,10,0.15925847
97,59827,136,63,31,21,0,0,0,10,0.15777722
98,59884,661,53,32,21,3,1,5,12,0.12898614
99,59885,661,54,32,21,1,5,6,6,0.14557584
100,59886,661,55,32,21,1,0,0,6,0.14924419
101,59887,136,56,32,21,0,0,0,0,0.15540156
102,59888,852,57,32,21,0,4,4,4,0.16735952
103,59889,852,58,32,21,2,4,7,4,0.16819055
104,59890,136,59,32,21,2,4,7,7,0.1702478
105,59893,136,62,32,21,0,4,4,4,0.16520467
106,59894,136,63,32,21,0,4,4,4,0.16523728
107,59895,136,64,32,21,0,0,0,0,0.15037693
108,59951,661,53,33,21,1,5,6,9,0.14164503
109,59952,661,54,33,21,0,0,0,0,0.15321076
110,59953,661,55,33,21,1,5,6,6,0.14868802
111,59954,661,56,33,21,1,5,6,9,0.14395234
112,59956,136,58,33,21,0,0,4,10,0.1586724
113,59959,978,61,33,21,2,4,7,4,0.16794942
114,59961,136,63,33,21,2,4,7,7,0.17455111
115,59962,136,64,33,21,3,1,5,5,0.118906416
116,60018,661,53,34,21,1,5,6,9,0.14057831
117,60019,661,54,34,21,0,0,0,10,0.1573562
118,60020,661,55,34,21,0,4,4,4,0.16230266
119,60021,661,56,34,21,1,5,1,1,0.13832685
120,60022,978,57,34,21,0,0,0,0,0.15298244
121,60023,136,58,34,21,1,5,6,6,0.14608586
122,60026,978,61,34,21,0,4,4,10,0.16160628
123,60028,136,63,34,21,0,0,0,0,0.15516727
124,60029,1107,64,34,21,3,3,3,8,0.066610895
125,60086,661,54,35,21,0,0,0,0,0.1509391
126,60087,661,55,35,21,0,4,4,4,0.16558181
127,60088,661,56,35,21,1,5,6,6,0.14806437
128,60089,978,57,35,21,1,5,6,6,0.14632115
129,60090,978,58,35,21,1,5,6,9,0.14007366
130,60091,978,59,35,21,1,5,6,6,0.1487153
131,60092,978,60,35,21,0,0,0,0,0.15474717
132,60093,978,61,35,21,0,0,0,10,0.15596122
133,60157,978,58,36,21,1,5,1,9,0.13971813
134,62230,852,54,26,22,3,1,5,12,0.12959309
135,62238,852,62,26,22,0,0,0,10,0.15789978
136,62296,852,53,27,22,3,1,5,5,0.12143878
137,62297,852,54,27,22,3,1,5,5,0.12473136
138,62298,852,55,27,22,1,5,1,9,0.138867
139,62302,852,59,27,22,0,0,0,10,0.15737551
140,62304,852,61,27,22,0,0,4,10,0.16116326
141,62305,852,62,27,22,2,4,7,7,0.17241037
142,62307,1098,64,27,22,0,4,4,10,0.16136338
143,62363,852,53,28,22,3,1,1,12,0.13114703
144,62364,852,54,28,22,3,1,5,5,0.124246806
145,62365,852,55,28,22,1,1,1,1,0.13421331
146,62366,852,56,28,22,1,5,6,9,0.14335547
147,62368,852,58,28,22,0,0,0,10,0.15778461
148,62369,852,59,28,22,2,2,7,2,0.17709434
149,62370,852,60,28,22,2,2,7,2,0.17865306
150,62371,852,61,28,22,2,2,7,2,0.17723835
151,62372,852,62,28,22,2,2,2,2,0.18151219
152,62373,1098,63,28,22,2,2,7,7,0.1759534
153,62374,1098,64,28,22,0,0,4,10,0.16027935
154,62375,1098,65,28,22,1,0,6,6,0.14880875
155,62430,136,53,29,22,1,1,1,1,0.13360393
156,62433,852,56,29,22,1,5,6,9,0.14232445
157,62434,852,57,29,22,0,0,4,10,0.15852635
158,62435,852,58,29,22,2,4,7,7,0.17165892
159,62436,852,59,29,22,2,2,2,2,0.18195386
160,62437,136,60,29,22,2,2,7,2,0.17795233
161,62438,136,61,29,22,2,4,7,7,0.17315225
162,62439,136,62,29,22,2,4,7,7,0.17235105
163,62440,1098,63,29,22,2,4,7,7,0.17078091
164,62441,1098,64,29,22,0,0,4,10,0.16079342
165,62442,1098,65,29,22,0,0,0,0,0.15340628
166,62497,136,53,30,22,3,1,1,1,0.13325416
167,62498,852,54,30,22,3,1,5,12,0.12799044
168,62499,852,55,30,22,0,0,0,0,0.15067965
169,62500,852,56,30,22,1,5,6,6,0.14556661
170,62501,852,57,30,22,0,4,4,4,0.16465898
171,62502,852,58,30,22,2,4,7,7,0.17336047
172,62504,136,60,30,22,0,4,4,4,0.16731817
173,62505,136,61,30,22,0,4,4,10,0.16162711
174,62506,136,62,30,22,0,4,4,4,0.16211444
175,62507,136,63,30,22,0,0,4,10,0.16082636
176,62508,136,64,30,22,0,0,0,10,0.15761845
177,62509,1098,65,30,22,0,0,4,10,0.15947375
178,62564,136,53,31,22,3,1,1,12,0.13279097
179,62565,136,54,31,22,1,5,6,9,0.14060846
180,62566,852,55,31,22,0,0,0,0,0.15328716
181,62567,136,56,31,22,1,5,6,6,0.14509803
182,62568,136,57,31,22,0,4,4,4,0.16715449
183,62569,136,58,31,22,0,4,4,4,0.16584425
184,62570,136,59,31,22,2,4,7,7,0.1688649
185,62572,136,61,31,22,0,0,4,10,0.16003661
186,62573,136,62,31,22,0,4,4,4,0.16306414
187,62574,136,63,31,22,0,0,0,10,0.15763609
188,62575,136,64,31,22,0,0,0,0,0.15043336
189,62576,136,65,31,22,0,4,4,10,0.16157031
190,62631,136,53,32,22,1,5,1,9,0.13891171
191,62632,136,54,32,22,1,5,6,6,0.14451699
192,62633,136,55,32,22,1,5,6,9,0.14289318
193,62634,136,56,32,22,1,5,1,9,0.13886563
194,62635,136,57,32,22,0,4,4,4,0.16735227
195,62636,136,58,32,22,0,0,4,10,0.15846367
196,62637,136,59,32,22,0,4,4,4,0.1626298
197,62638,136,60,32,22,1,0,0,6,0.14948875
198,62640,1048,62,32,22,2,4,7,4,0.16848859
199,62641,136,63,32,22,0,4,4,4,0.16650017
200,62642,136,64,32,22,0,0,0,0,0.15328534
201,62698,661,53,33,22,1,5,6,6,0.1461251
202,62699,661,54,33,22,1,5,6,9,0.14183143
203,62700,661,55,33,22,1,5,1,1,0.13729016
204,62701,661,56,33,22,3,1,5,12,0.12967661
205,62702,136,57,33,22,0,4,4,4,0.1627132
206,62703,939,58,33,22,0,0,0,0,0.15144551
207,62704,939,59,33,22,2,4,7,7,0.1700974
208,62705,939,60,33,22,0,0,0,0,0.15428811
209,62709,1107,64,33,22,3,1,1,12,0.13066398
210,62766,661,54,34,22,1,5,6,6,0.14802003
211,62767,661,55,34,22,1,0,6,6,0.14895287
212,62768,661,56,34,22,3,1,5,12,0.1280238
213,62769,978,57,34,22,0,0,0,0,0.15155528
214,62770,143,58,34,22,1,5,6,6,0.14501496
215,62772,143,60,34,22,0,0,0,0,0.15565324
216,62775,1107,63,34,22,1,5,6,9,0.14048687
217,62836,978,57,35,22,1,5,6,9,0.14237988
218,62837,143,58,35,22,1,5,1,9,0.13917649
219,62838,978,59,35,22,0,0,0,10,0.15683173
220,62839,978,60,35,22,0,0,0,0,0.15064794
221,62840,978,61,35,22,0,0,0,0,0.15384106
222,62903,978,57,36,22,1,0,6,6,0.14884827
223,62904,978,58,36,22,0,0,0,0,0.15039492
224,62905,978,59,36,22,1,0,0,6,0.15001588
225,62906,978,60,36,22,1,0,6,6,0.1490102
226,62907,978,61,36,22,0,0,4,10,0.15826061
227,62971,978,58,37,22,3,1,5,12,0.12685388
228,64910,852,54,25,23,0,0,0,0,0.15377016
229,64977,852,54,26,23,3,1,1,12,0.13054934
230,64986,1098,63,26,23,2,2,2,2,0.18382381
231,65044,852,54,27,23,3,3,5,3,0.1160173
232,65045,852,55,27,23,1,5,1,9,0.13883887
233,65046,852,56,27,23,0,0,0,0,0.15399568
234,65051,852,61,27,23,2,2,7,7,0.17514281
235,65052,852,62,27,23,2,2,2,11,0.1871913
236,65053,1098,63,27,23,2,2,2,11,0.18803255
237,65054,1098,64,27,23,2,4,7,7,0.17209017
238,65111,852,54,28,23,3,3,3,3,0.10859913
239,65112,852,55,28,23,3,1,5,5,0.12394762
240,65113,852,56,28,23,1,5,6,9,0.14173846
241,65114,852,57,28,23,0,0,0,0,0.15432629
242,65115,852,58,28,23,0,0,4,10,0.16052617
243,65116,852,59,28,23,2,4,7,7,0.17241333
244,65117,852,60,28,23,2,2,7,2,0.17824984
245,65118,852,61,28,23,2,2,2,2,0.18400557
246,65119,852,62,28,23,2,2,2,11,0.18867633
247,65120,1098,63,28,23,2,2,2,2,0.18204664
248,65121,1098,64,28,23,0,4,4,4,0.16193669
249,65122,1098,65,28,23,1,5,6,9,0.14430504
250,65177,136,53,29,23,3,1,5,5,0.12350471
251,65178,852,54,29,23,3,3,3,3,0.10945784
252,65179,852,55,29,23,3,1,5,5,0.12190626
253,65180,852,56,29,23,3,1,5,12,0.12979643
254,65181,852,57,29,23,1,5,6,6,0.14556733
255,65182,852,58,29,23,0,0,4,10,0.16039301
256,65183,852,59,29,23,2,4,7,4,0.16778132
257,65184,136,60,29,23,0,4,4,4,0.16628109
258,65185,136,61,29,23,0,4,4,4,0.16736422
259,65186,136,62,29,23,2,4,7,7,0.16953386
260,65187,136,63,29,23,2,4,7,7,0.16921903
261,65188,136,64,29,23,0,0,4,10,0.15916638
262,65189,1098,65,29,23,1,0,0,6,0.14932321
263,65244,136,53,30,23,3,1,5,12,0.1287028
264,65245,136,54,30,23,3,1,5,5,0.1238955
265,65246,852,55,30,23,3,1,1,12,0.13108633
266,65247,136,56,30,23,3,1,5,5,0.12271738
267,65248,136,57,30,23,1,5,1,1,0.13807493
268,65249,136,58,30,23,0,0,0,10,0.15678824
269,65250,136,59,30,23,0,4,4,4,0.1632844
270,65251,136,60,30,23,0,0,0,0,0.15569477
271,65252,136,61,30,23,0,0,0,10,0.15609646
272,65253,136,62,30,23,0,0,4,10,0.15832502
273,65254,136,63,30,23,0,0,4,10,0.15949203
274,65255,136,64,30,23,0,0,0,10,0.1570243
275,65311,136,53,31,23,1,5,1,1,0.13725948
276,65312,136,54,31,23,1,5,6,9,0.14062446
277,65313,136,55,31,23,1,5,1,9,0.13963369
278,65314,136,56,31,23,3,1,5,5,0.121621616
279,65315,136,57,31,23,1,5,6,9,0.14341396
280,65316,136,58,31,23,0,0,4,10,0.15923037
281,65317,136,59,31,23,0,4,4,4,0.16234331
282,65319,136,61,31,23,0,0,0,0,0.15443578
283,65320,136,62,31,23,0,0,0,10,0.158072
284,65321,136,63,31,23,0,0,0,10,0.15603809
285,65322,1107,64,31,23,0,0,0,0,0.15213832
286,65379,136,54,32,23,1,5,6,9,0.14388305
287,65380,136,55,32,23,1,5,1,1,0.138347
288,65381,136,56,32,23,3,1,5,5,0.12502287
289,65382,136,57,32,23,0,0,0,0,0.15294935
290,65383,136,58,32,23,0,0,4,10,0.15902565
291,65384,136,59,32,23,0,0,4,10,0.15834986
292,65385,1048,60,32,23,1,5,6,9,0.14058858
293,65386,1048,61,32,23,0,0,0,0,0.15505223
294,65387,1107,62,32,23,0,4,4,4,0.16385533
295,65388,1107,63,32,23,0,4,4,4,0.16519074
296,65389,1107,64,32,23,0,0,0,0,0.15423356
297,65445,661,53,33,23,1,5,1,1,0.13726202
298,65446,661,54,33,23,1,5,1,1,0.13664289
299,65447,661,55,33,23,3,1,1,12,0.13097377
300,65448,661,56,33,23,3,1,5,5,0.12585974
301,65449,136,57,33,23,0,0,0,0,0.15526824
302,65450,136,58,33,23,0,0,0,0,0.15406358
303,65451,978,59,33,23,0,0,4,10,0.15962659
304,65452,978,60,33,23,1,5,6,9,0.14311959
305,65453,978,61,33,23,0,0,0,0,0.15321243
306,65454,1107,62,33,23,0,4,4,4,0.16532412
307,65455,1107,63,33,23,2,4,7,7,0.17246085
308,65456,1107,64,33,23,3,1,1,12,0.1311459
309,65512,661,53,34,23,3,1,1,12,0.1305354
310,65513,661,54,34,23,1,5,1,1,0.13568278
311,65514,661,55,34,23,1,1,1,1,0.13501458
312,65515,661,56,34,23,3,1,5,5,0.12175885
313,65516,978,57,34,23,1,5,6,9,0.14042297
314,65517,1048,58,34,23,1,5,6,6,0.14526612
315,65518,978,59,34,23,0,0,4,10,0.15860687
316,65519,978,60,34,23,1,5,6,6,0.14671122
317,65520,978,61,34,23,0,0,0,10,0.15814611
318,65522,1107,63,34,23,1,5,1,9,0.13977987
319,65523,1107,64,34,23,3,3,3,8,0.0698686
320,65579,661,53,35,23,3,1,1,12,0.13035068
321,65580,661,54,35,23,1,5,6,6,0.1443833
322,65581,661,55,35,23,0,0,0,0,0.15407647
323,65582,978,56,35,23,3,1,5,5,0.1260349
324,65583,978,57,35,23,3,1,1,12,0.13053209
325,65584,978,58,35,23,1,5,6,9,0.14147665
326,65585,978,59,35,23,0,0,0,10,0.15614823
327,65586,978,60,35,23,0,0,0,0,0.15440184
328,65647,661,54,36,23,0,0,0,0,0.15288696
329,65648,661,55,36,23,0,4,4,4,0.16578685
330,65649,978,56,36,23,1,5,1,9,0.13964397
331,65650,978,57,36,23,1,5,6,9,0.14174277
332,65651,978,58,36,23,0,0,4,10,0.15956512
333,65652,978,59,36,23,0,4,4,4,0.16435505
334,65718,978,58,37,23,0,0,4,10,0.15983583
335,65719,978,59,37,23,1,5,1,1,0.13700226
336,67657,852,54,25,24,2,4,7,7,0.1726555
337,67724,852,54,26,24,1,5,6,6,0.14522174
338,67792,852,55,27,24,1,5,1,1,0.13710746
339,67794,136,57,27,24,0,4,4,4,0.16741912
340,67797,852,60,27,24,2,4,7,4,0.16851705
341,67798,852,61,27,24,2,2,7,2,0.17760608
342,67799,852,62,27,24,2,2,2,11,0.18994263
343,67800,1098,63,27,24,2,2,2,11,0.1938882
344,67801,1098,64,27,24,2,2,7,2,0.1760853
345,67858,136,54,28,24,3,3,3,3,0.1061174
346,67859,852,55,28,24,3,3,5,5,0.117231764
347,67860,852,56,28,24,1,5,1,1,0.13802722
348,67861,136,57,28,24,0,0,0,0,0.15123631
349,67862,136,58,28,24,0,0,0,10,0.1574416
350,67863,136,59,28,24,0,0,0,10,0.15673639
351,67864,852,60,28,24,0,0,4,10,0.16065776
352,67865,136,61,28,24,2,4,7,7,0.17250732
353,67866,136,62,28,24,2,2,7,2,0.1779324
354,67867,136,63,28,24,2,4,7,7,0.17374992
355,67868,136,64,28,24,0,0,4,10,0.15865582
356,67869,1098,65,28,24,1,5,6,9,0.14170136
357,67925,136,54,29,24,3,3,5,3,0.114782035
358,67926,136,55,29,24,3,3,5,3,0.11657186
359,67927,136,56,29,24,3,1,5,5,0.12065793
360,67928,136,57,29,24,1,1,1,1,0.13327405
361,67929,136,58,29,24,1,5,6,6,0.14808524
362,67930,136,59,29,24,0,0,0,0,0.15265003
363,67931,136,60,29,24,0,0,0,0,0.15282075
364,67932,136,61,29,24,0,0,0,10,0.1563385
365,67933,136,62,29,24,0,0,4,10,0.15894708
366,67934,136,63,29,24,0,0,0,10,0.15732384
367,67935,136,64,29,24,1,0,6,6,0.14893107
368,67992,136,54,30,24,3,1,5,12,0.12860824
369,67993,136,55,30,24,3,1,5,5,0.12265928
370,67994,136,56,30,24,3,3,3,3,0.11156713
371,67995,136,57,30,24,3,1,5,12,0.12690057
372,67996,136,58,30,24,1,5,6,6,0.1456942
373,67997,136,59,30,24,0,0,0,10,0.15752937
374,67998,1048,60,30,24,0,0,0,10,0.15601845
375,67999,136,61,30,24,0,0,0,0,0.15245253
376,68000,1107,62,30,24,0,0,0,0,0.15102851
377,68001,1107,63,30,24,0,0,0,0,0.15440938
378,68002,1107,64,30,24,0,0,0,0,0.15186594
379,68060,136,55,31,24,3,1,5,12,0.12905855
380,68061,136,56,31,24,3,3,3,3,0.11009345
381,68062,136,57,31,24,1,5,1,1,0.13673729
382,68063,1048,58,31,24,0,0,0,0,0.15335754
383,68064,1048,59,31,24,0,0,4,10,0.16097453
384,68065,1048,60,31,24,1,5,6,6,0.1474227
385,68066,1048,61,31,24,1,5,6,6,0.14597498
386,68067,1107,62,31,24,1,5,6,6,0.14699663
387,68068,1107,63,31,24,1,5,6,6,0.14824425
388,68069,1107,64,31,24,1,5,6,6,0.14833097
389,68126,136,54,32,24,1,5,6,9,0.14233547
390,68127,136,55,32,24,3,1,1,12,0.13213065
391,68128,136,56,32,24,3,3,5,3,0.11632405
392,68129,136,57,32,24,1,5,6,6,0.14577465
393,68130,1048,58,32,24,0,0,0,0,0.15399195
394,68131,1048,59,32,24,1,0,0,0,0.1503442
395,68132,1048,60,32,24,3,1,1,12,0.13269089
396,68133,1048,61,32,24,1,5,6,9,0.14326975
397,68134,1107,62,32,24,0,0,0,0,0.15301174
398,68135,1107,63,32,24,0,0,0,0,0.15497926
399,68136,1107,64,32,24,1,5,6,6,0.14494655
400,68193,661,54,33,24,1,5,6,9,0.13989559
401,68194,136,55,33,24,3,1,1,12,0.13122281
402,68195,1048,56,33,24,3,1,5,12,0.12785237
403,68196,1048,57,33,24,1,5,6,6,0.14721504
404,68197,1048,58,33,24,1,5,6,6,0.14592603
405,68198,1048,59,33,24,1,5,6,9,0.14200148
406,68200,1048,61,33,24,1,5,6,6,0.14462635
407,68201,1107,62,33,24,0,0,4,10,0.16084227
408,68202,1107,63,33,24,0,4,4,4,0.1642903
409,68203,1107,64,33,24,3,1,5,5,0.1232863
410,68260,661,54,34,24,1,5,1,1,0.13812888
411,68261,661,55,34,24,1,1,1,1,0.13372758
412,68262,978,56,34,24,3,1,5,12,0.12651293
413,68263,1048,57,34,24,1,5,1,1,0.13698108
414,68264,1048,58,34,24,1,5,6,9,0.14153983
415,68265,1048,59,34,24,1,0,0,6,0.14936842
416,68268,1107,62,34,24,2,4,7,4,0.16831754
417,68269,1107,63,34,24,1,1,1,1,0.13506061
418,68327,661,54,35,24,1,5,6,6,0.14832744
419,68328,661,55,35,24,1,5,6,6,0.14512844
420,68329,978,56,35,24,3,1,5,12,0.12736733
421,68330,978,57,35,24,3,1,5,12,0.1268149
422,68331,978,58,35,24,1,5,6,6,0.14738262
423,68332,307,59,35,24,0,4,4,4,0.16490775
424,68336,1107,63,35,24,3,3,3,8,0.07214539
425,68393,307,53,36,24,1,0,0,6,0.14932078
426,68394,661,54,36,24,0,0,4,10,0.16103967
427,68396,978,56,36,24,1,5,6,9,0.14206506
428,68397,978,57,36,24,1,5,6,9,0.14038734
429,68398,978,58,36,24,2,4,7,7,0.17228699
430,68399,307,59,36,24,2,2,2,2,0.17997935
431,68465,978,58,37,24,2,2,2,11,0.18868244
432,70538,136,54,27,25,1,5,6,9,0.1425041
433,70541,136,57,27,25,2,4,7,7,0.17089598
434,70542,136,58,27,25,2,4,7,7,0.17428504
435,70543,136,59,27,25,2,4,7,7,0.17073698
436,70544,136,60,27,25,2,4,7,7,0.17342322
437,70545,136,61,27,25,2,2,7,2,0.17654094
438,70546,136,62,27,25,2,2,2,2,0.17986049
439,70547,136,63,27,25,2,2,2,11,0.19055745
440,70548,136,64,27,25,2,2,7,2,0.1772997
441,70605,136,54,28,25,3,1,1,12,0.13094637
442,70608,136,57,28,25,0,0,0,0,0.15372849
443,70609,1048,58,28,25,0,0,0,10,0.15637569
444,70610,136,59,28,25,1,0,0,6,0.14951226
445,70611,136,60,28,25,0,0,0,0,0.15222608
446,70612,136,61,28,25,0,0,0,10,0.15736954
447,70613,136,62,28,25,0,0,0,10,0.15618367
448,70614,136,63,28,25,0,0,4,10,0.15978669
449,70615,136,64,28,25,0,0,0,10,0.15608667
450,70672,136,54,29,25,3,1,5,12,0.12878314
451,70673,136,55,29,25,3,1,5,12,0.12764071
452,70674,1048,56,29,25,3,1,5,5,0.1247443
453,70675,136,57,29,25,1,1,1,1,0.13331513
454,70676,1048,58,29,25,1,5,1,1,0.13842908
455,70677,136,59,29,25,1,5,1,9,0.13942774
456,70678,1048,60,29,25,1,5,6,9,0.14101318
457,70679,1048,61,29,25,1,5,6,9,0.14215215
458,70680,1107,62,29,25,1,5,6,9,0.14216872
459,70681,1107,63,29,25,1,5,6,6,0.14507581
460,70682,1107,64,29,25,1,5,6,6,0.14666542
461,70739,136,54,30,25,3,1,1,12,0.13079575
462,70740,136,55,30,25,3,1,1,12,0.13125393
463,70741,136,56,30,25,3,3,3,3,0.11399697
464,70742,1048,57,30,25,3,1,5,5,0.122782156
465,70743,1048,58,30,25,3,1,5,12,0.13000605
466,70744,1048,59,30,25,1,5,1,9,0.13939978
467,70745,1048,60,30,25,1,5,6,9,0.14026628
468,70746,1048,61,30,25,1,5,1,9,0.1394111
469,70747,1107,62,30,25,1,5,6,9,0.14403898
470,70748,1107,63,30,25,1,5,6,6,0.14776793
471,70749,1107,64,30,25,1,5,6,6,0.14628671
472,70806,1048,54,31,25,1,5,1,1,0.13639475
473,70807,136,55,31,25,1,1,1,1,0.13540693
474,70808,1048,56,31,25,3,3,5,3,0.115376525
475,70809,1048,57,31,25,3,1,5,5,0.12565988
476,70810,1048,58,31,25,3,1,5,12,0.12978509
477,70811,1048,59,31,25,1,5,1,1,0.13690612
478,70812,1048,60,31,25,1,1,1,1,0.13463524
479,70813,1048,61,31,25,1,5,1,1,0.13633445
480,70814,1107,62,31,25,1,5,6,9,0.14137067
481,70815,1107,63,31,25,1,5,6,9,0.14401229
482,70816,1107,64,31,25,1,5,6,9,0.1434429
483,70873,1048,54,32,25,1,5,6,9,0.14133899
484,70874,136,55,32,25,1,5,1,1,0.13551366
485,70875,1048,56,32,25,3,1,5,5,0.119859494
486,70876,1048,57,32,25,3,1,5,12,0.12998264
487,70877,1048,58,32,25,3,1,5,12,0.12988257
488,70878,1048,59,32,25,3,1,5,12,0.12994114
489,70879,1048,60,32,25,3,1,5,5,0.12207288
490,70880,1048,61,32,25,3,1,1,12,0.13169251
491,70881,1107,62,32,25,1,5,1,1,0.13705194
492,70882,1107,63,32,25,1,5,6,9,0.14308465
493,70883,1107,64,32,25,1,5,1,1,0.13572699
494,70940,1048,54,33,25,1,5,6,9,0.14424784
495,70941,1048,55,33,25,1,5,1,9,0.1390901
496,70942,1048,56,33,25,3,1,5,5,0.12627794
497,70943,1048,57,33,25,3,1,1,12,0.13091825
498,70944,1048,58,33,25,3,1,1,12,0.13242903
499,70945,1048,59,33,25,3,1,1,12,0.13154824
500,70947,1048,61,33,25,3,1,1,12,0.13116841
501,70948,1107,62,33,25,1,5,6,9,0.1400024
502,70949,1107,63,33,25,1,5,6,9,0.1431283
503,70950,1107,64,33,25,3,3,3,3,0.11041849
504,71006,307,53,34,25,1,5,6,9,0.141956
505,71007,1048,54,34,25,1,0,0,6,0.14954574
506,71008,978,55,34,25,1,5,6,6,0.14855929
507,71009,1048,56,34,25,3,1,1,12,0.1310434
508,71010,978,57,34,25,3,1,5,12,0.12720917
509,71011,1048,58,34,25,1,5,6,9,0.1406612
510,71012,307,59,34,25,1,0,6,6,0.14909922
511,71014,1048,61,34,25,1,5,6,9,0.14218315
512,71015,1107,62,34,25,1,5,1,9,0.1396765
513,71073,307,53,35,25,0,0,0,10,0.15689743
514,71075,978,55,35,25,0,0,4,10,0.15894108
515,71077,978,57,35,25,3,1,5,12,0.1280325
516,71078,307,58,35,25,1,0,0,6,0.14988676
517,71079,307,59,35,25,2,4,7,7,0.1711661
518,71080,307,60,35,25,0,0,0,10,0.15709688
519,71142,978,55,36,25,2,4,7,7,0.17048249
520,71145,307,58,36,25,2,4,7,7,0.17318285
521,73224,136,60,26,26,2,2,2,2,0.18458831
522,73288,970,57,27,26,2,2,2,2,0.1795585
523,73289,970,58,27,26,2,2,2,11,0.18515946
524,73290,136,59,27,26,2,2,2,2,0.18289304
525,73291,136,60,27,26,2,2,2,11,0.18599331
526,73292,136,61,27,26,2,2,7,2,0.17939939
527,73352,1048,54,28,26,1,5,1,9,0.13944522
528,73353,1048,55,28,26,1,0,0,6,0.1493419
529,73354,1048,56,28,26,0,4,4,4,0.16373527
530,73355,970,57,28,26,2,4,7,7,0.17099936
531,73356,1048,58,28,26,0,4,4,4,0.1674074
532,73357,1048,59,28,26,0,0,0,0,0.15545005
533,73358,1048,60,28,26,0,0,0,10,0.15745749
534,73359,1048,61,28,26,0,0,0,10,0.15642275
535,73360,773,62,28,26,0,0,0,0,0.15401752
536,73361,1107,63,28,26,0,4,4,4,0.1647662
537,73362,1107,64,28,26,0,0,4,10,0.16077726
538,73419,1048,54,29,26,3,1,5,12,0.12696163
539,73420,1048,55,29,26,1,1,1,1,0.13473092
540,73421,1048,56,29,26,1,5,6,9,0.1402847
541,73422,1048,57,29,26,1,5,6,6,0.14674039
542,73423,1048,58,29,26,1,5,6,9,0.14424221
543,73424,1048,59,29,26,1,5,1,1,0.13578314
544,73425,1048,60,29,26,1,5,1,1,0.13698784
545,73426,1048,61,29,26,1,5,6,9,0.14281145
546,73427,1107,62,29,26,1,5,6,6,0.14581566
547,73428,1107,63,29,26,1,0,0,6,0.1496156
548,73429,1107,64,29,26,1,0,0,6,0.14956935
549,73486,1048,54,30,26,3,1,5,5,0.12486999
550,73487,1048,55,30,26,3,1,1,12,0.13040857
551,73488,1048,56,30,26,3,1,5,5,0.12432986
552,73489,1048,57,30,26,3,1,5,12,0.12982674
553,73490,1048,58,30,26,1,1,1,1,0.13504212
554,73491,1048,59,30,26,3,1,5,12,0.12931825
555,73492,1048,60,30,26,3,1,5,5,0.123261906
556,73493,1048,61,30,26,3,1,1,12,0.13246848
557,73494,1107,62,30,26,1,5,6,6,0.1467687
558,73495,1107,63,30,26,1,5,6,6,0.14798953
559,73496,1107,64,30,26,1,5,6,9,0.14086543
560,73553,1048,54,31,26,3,1,1,12,0.13244747
561,73554,1048,55,31,26,1,5,1,1,0.13661087
562,73555,1048,56,31,26,3,1,5,12,0.12791206
563,73556,1048,57,31,26,3,1,5,5,0.12631023
564,73557,1048,58,31,26,3,1,1,12,0.13083953
565,73558,1048,59,31,26,3,1,5,12,0.12920801
566,73559,1048,60,31,26,3,1,5,5,0.12279212
567,73560,1048,61,31,26,3,1,5,5,0.12632276
568,73561,1107,62,31,26,3,1,1,12,0.13249744
569,73562,1107,63,31,26,1,5,6,9,0.14104904
570,73563,1107,64,31,26,1,5,1,9,0.1393575
571,73620,1048,54,32,26,1,5,1,9,0.13871126
572,73621,1048,55,32,26,1,5,6,9,0.14197232
573,73622,1048,56,32,26,3,1,1,12,0.13154821
574,73623,1048,57,32,26,3,1,5,12,0.12712121
575,73624,1048,58,32,26,3,1,5,5,0.12410885
576,73625,1048,59,32,26,3,1,5,12,0.12864015
577,73626,1048,60,32,26,3,1,5,5,0.12214982
578,73627,1048,61,32,26,3,1,5,5,0.12279142
579,73628,1107,62,32,26,3,1,5,5,0.12482413
580,73629,1107,63,32,26,1,5,1,1,0.1373872
581,73630,1107,64,32,26,3,1,5,12,0.12949692
582,73686,307,53,33,26,3,1,1,12,0.13222717
583,73687,1048,54,33,26,1,5,1,1,0.13589485
584,73688,1048,55,33,26,1,0,6,6,0.14901079
585,73689,1048,56,33,26,3,1,1,12,0.13272856
586,73690,1048,57,33,26,3,1,1,12,0.13155426
587,73691,1048,58,33,26,3,1,1,12,0.1320753
588,73692,1048,59,33,26,1,5,1,9,0.13952298
589,73693,1048,60,33,26,3,1,5,5,0.12492161
590,73695,1107,62,33,26,3,1,5,5,0.1260371
591,73753,307,53,34,26,1,1,1,1,0.1351551
592,73754,307,54,34,26,1,5,6,9,0.14050524
593,73755,307,55,34,26,0,0,0,10,0.15780324
594,73756,1048,56,34,26,1,5,1,1,0.1377338
595,73757,1048,57,34,26,3,1,5,12,0.12733278
596,73758,1048,58,34,26,1,5,1,9,0.13901216
597,73759,307,59,34,26,0,0,4,10,0.15948486
598,73760,1048,60,34,26,1,5,6,9,0.1421208
599,73821,307,54,35,26,0,0,0,0,0.15309972
600,73822,307,55,35,26,0,4,4,4,0.16358532
601,73823,307,56,35,26,1,5,1,1,0.1359552
602,73824,307,57,35,26,3,1,1,12,0.13051927
603,73825,307,58,35,26,1,5,6,6,0.14810823
604,73826,307,59,35,26,2,4,7,7,0.17166771
605,73827,307,60,35,26,0,0,0,10,0.15795937
606,73889,307,55,36,26,2,4,7,7,0.17013991
607,73891,307,57,36,26,0,0,0,0,0.15129529
608,73892,307,58,36,26,0,4,4,4,0.16652028
609,75971,773,60,26,27,2,2,2,11,0.18715274
610,76033,970,55,27,27,2,4,7,7,0.1737306
611,76034,970,56,27,27,2,2,7,7,0.17555168
612,76035,970,57,27,27,2,2,2,11,0.18703578
613,76036,970,58,27,27,2,2,2,11,0.19580998
614,76037,970,59,27,27,2,2,2,11,0.18732835
615,76039,773,61,27,27,2,4,7,7,0.17236365
616,76040,773,62,27,27,0,4,4,4,0.16285764
617,76099,1048,54,28,27,1,5,1,1,0.13830636
618,76100,1048,55,28,27,1,0,0,0,0.15020806
619,76101,970,56,28,27,0,4,4,4,0.1665743
620,76102,970,57,28,27,2,4,7,7,0.17435701
621,76103,970,58,28,27,0,4,4,4,0.16531128
622,76104,1048,59,28,27,0,0,0,0,0.15194207
623,76105,1048,60,28,27,0,0,0,0,0.15259099
624,76106,773,61,28,27,0,0,0,10,0.15627673
625,76107,773,62,28,27,0,4,4,10,0.1616352
626,76108,773,63,28,27,2,4,7,7,0.17336585
627,76109,773,64,28,27,2,4,7,7,0.1700896
628,76166,1048,54,29,27,3,1,5,5,0.124661505
629,76167,1048,55,29,27,3,1,5,12,0.12938175
630,76168,1048,56,29,27,1,5,6,9,0.1440257
631,76169,1048,57,29,27,1,5,6,6,0.14843363
632,76170,1048,58,29,27,1,5,6,9,0.14138782
633,76171,1048,59,29,27,1,1,1,1,0.13421372
634,76172,1048,60,29,27,3,1,1,1,0.13325164
635,76173,1048,61,29,27,1,5,6,6,0.14606911
636,76174,773,62,29,27,0,0,4,10,0.15853752
637,76175,773,63,29,27,0,4,4,4,0.16361198
638,76176,773,64,29,27,0,0,0,0,0.15451343
639,76233,1048,54,30,27,3,1,5,12,0.12944548
640,76234,1048,55,30,27,3,1,5,5,0.12463937
641,76235,1048,56,30,27,3,1,5,12,0.12917556
642,76236,1048,57,30,27,3,1,1,12,0.13107455
643,76237,1048,58,30,27,1,1,1,1,0.1340399
644,76238,1048,59,30,27,3,1,5,5,0.12503678
645,76239,1048,60,30,27,3,3,3,3,0.1127841
646,76240,1048,61,30,27,3,1,5,5,0.12585582
647,76241,1107,62,30,27,1,5,1,9,0.13896789
648,76242,1107,63,30,27,1,5,6,9,0.14148307
649,76243,1107,64,30,27,1,1,1,1,0.13471664
650,76300,1048,54,31,27,1,5,1,1,0.13592774
651,76301,1048,55,31,27,3,1,1,12,0.13207848
652,76302,1048,56,31,27,3,1,1,12,0.1302445
653,76303,1048,57,31,27,3,1,5,5,0.12546703
654,76304,1048,58,31,27,3,1,5,12,0.12828122
655,76305,1048,59,31,27,3,1,5,5,0.11976293
656,76306,1048,60,31,27,3,3,3,3,0.11169603
657,76308,1107,62,31,27,3,3,5,5,0.118320845
658,76309,1107,63,31,27,3,1,5,12,0.12721778
659,76367,1048,54,32,27,1,5,1,1,0.13823828
660,76368,1048,55,32,27,1,5,1,9,0.13901094
661,76369,1048,56,32,27,3,1,5,5,0.12631255
662,76370,1048,57,32,27,3,1,5,5,0.12384908
663,76371,1048,58,32,27,3,1,5,5,0.12186092
664,76373,1048,60,32,27,3,3,5,3,0.11654516
665,76375,1107,62,32,27,3,1,5,5,0.11991475
666,76433,307,53,33,27,1,1,1,1,0.13415444
667,76434,1048,54,33,27,1,5,1,1,0.13766804
668,76435,1048,55,33,27,1,5,6,6,0.1458596
669,76436,1048,56,33,27,3,1,5,5,0.12379666
670,76437,1048,57,33,27,3,1,5,12,0.1293172
671,76438,1048,58,33,27,3,1,5,12,0.12869698
672,76439,1048,59,33,27,3,1,1,12,0.13056758
673,76440,1048,60,33,27,3,1,5,5,0.121900745
674,76500,307,53,34,27,1,5,1,1,0.1383326
675,76501,307,54,34,27,1,5,6,6,0.14528926
676,76502,307,55,34,27,0,0,0,0,0.15460707
677,76503,1048,56,34,27,3,1,5,12,0.12903562
678,76504,1048,57,34,27,3,1,1,12,0.13157277
679,76505,1048,58,34,27,3,1,5,12,0.12920949
680,76506,307,59,34,27,0,0,0,0,0.15261894
681,76568,307,54,35,27,0,0,4,10,0.16030379
682,76569,307,55,35,27,0,4,4,4,0.16418323
683,76570,307,56,35,27,3,1,1,12,0.13063233
684,76571,307,57,35,27,1,5,1,1,0.13556321
685,76572,307,58,35,27,1,5,6,6,0.14649254
686,76636,307,55,36,27,2,4,7,7,0.1727586
687,78714,970,56,26,28,2,4,7,7,0.17153396
688,78718,773,60,26,28,2,2,2,11,0.19200444
689,78780,970,55,27,28,0,4,4,4,0.1668165
690,78783,970,58,27,28,2,2,2,11,0.19348362
691,78784,970,59,27,28,2,2,2,2,0.18330714
692,78785,773,60,27,28,2,4,7,7,0.17201537
693,78786,773,61,27,28,0,0,4,10,0.15916027
694,78787,773,62,27,28,1,5,6,6,0.14607923
695,78846,1048,54,28,28,1,1,1,1,0.13399142
696,78847,1048,55,28,28,1,5,6,9,0.14369547
697,78852,1048,60,28,28,1,5,6,9,0.14131217
698,78853,773,61,28,28,1,5,6,6,0.14554244
699,78854,773,62,28,28,0,0,0,0,0.15049177
700,78855,773,63,28,28,0,0,4,10,0.16104841
701,78913,1048,54,29,28,3,1,5,5,0.12446099
702,78914,1048,55,29,28,3,1,5,5,0.124054216
703,78916,1048,57,29,28,1,5,1,9,0.13939802
704,78920,1048,61,29,28,1,5,1,1,0.1380153
705,78921,773,62,29,28,0,0,0,10,0.15735938
706,78922,773,63,29,28,0,4,4,4,0.16630228
707,78923,773,64,29,28,0,0,0,10,0.15711881
708,78980,1048,54,30,28,1,5,1,1,0.13656746
709,78981,1048,55,30,28,3,1,5,12,0.12827101
710,78983,1048,57,30,28,3,1,5,5,0.12321072
711,78989,773,63,30,28,1,5,1,1,0.13612208
712,78990,773,64,30,28,3,1,5,12,0.1295589
713,79047,1048,54,31,28,1,5,6,6,0.14521687
714,79048,1048,55,31,28,1,5,6,6,0.1451075
715,79114,1048,54,32,28,1,5,6,6,0.14523247
716,79115,1048,55,32,28,0,0,0,0,0.1503682
717,79181,307,54,33,28,1,5,6,9,0.14411783
718,79182,1048,55,33,28,1,5,6,9,0.1415727
719,79183,1048,56,33,28,3,1,5,5,0.12095772
720,79185,1048,58,33,28,3,1,5,5,0.12454065
721,79247,307,53,34,28,0,0,0,10,0.1578856
722,79248,307,54,34,28,1,5,6,6,0.14849015
723,79249,1048,55,34,28,1,0,0,6,0.1498822
724,79253,1048,59,34,28,1,5,1,1,0.13689907
725,79315,307,54,35,28,0,0,4,10,0.15848438
726,79316,307,55,35,28,0,4,4,4,0.16477865
727,79317,307,56,35,28,1,1,1,1,0.13456464
728,79318,307,57,35,28,1,5,1,9,0.13941275
729,79319,307,58,35,28,1,5,6,9,0.14296901
730,79382,307,54,36,28,2,4,7,4,0.16801444
731,79385,307,57,36,28,0,0,0,0,0.15082002
732,81461,970,56,26,29,2,4,7,7,0.17110409
733,81465,773,60,26,29,2,2,2,11,0.19208471
734,81527,970,55,27,29,2,2,7,7,0.17594631
735,81529,970,57,27,29,2,2,2,11,0.18510011
736,81530,970,58,27,29,2,2,2,11,0.1888261
737,81531,970,59,27,29,2,2,2,11,0.18717599
738,81532,773,60,27,29,2,2,7,2,0.17794178
739,81533,773,61,27,29,2,4,7,7,0.17051007
740,81534,773,62,27,29,2,4,7,7,0.16959415
741,81593,1048,54,28,29,1,5,1,1,0.13773152
742,81594,1048,55,28,29,0,0,0,0,0.15228288
743,81599,773,60,28,29,0,0,0,0,0.15037362
744,81600,773,61,28,29,0,0,0,0,0.15379275
745,81601,773,62,28,29,0,0,4,10,0.15961584
746,81602,773,63,28,29,0,4,4,4,0.16700357
747,81603,773,64,28,29,2,2,7,7,0.17555703
748,81660,1048,54,29,29,3,1,5,5,0.12462967
749,81661,1048,55,29,29,3,1,5,12,0.1283349
750,81663,1048,57,29,29,1,0,6,6,0.14893802
751,81667,1048,61,29,29,1,5,1,9,0.13966043
752,81668,773,62,29,29,0,0,0,10,0.15745209
753,81669,773,63,29,29,0,4,4,4,0.16601562
754,81670,773,64,29,29,0,4,4,10,0.1614709
755,81727,1048,54,30,29,3,1,1,12,0.13242042
756,81728,1048,55,30,29,3,1,5,12,0.12853552
757,81730,1048,57,30,29,3,1,5,12,0.12971488
758,81732,1048,59,30,29,3,3,3,3,0.11254628
759,81736,773,63,30,29,1,5,6,9,0.1402406
760,81737,773,64,30,29,3,1,1,12,0.13089065
761,81794,1048,54,31,29,1,5,6,9,0.14075598
762,81795,1048,55,31,29,1,5,1,9,0.13938276
763,81800,1048,60,31,29,3,3,3,3,0.105740465
764,81861,1048,54,32,29,1,5,6,9,0.14333132
765,81862,1048,55,32,29,1,5,6,6,0.14726943
766,81863,1048,56,32,29,3,1,1,12,0.13046783
767,81928,307,54,33,29,1,5,1,9,0.13966809
768,81929,1048,55,33,29,1,5,6,9,0.14194524
769,81930,1048,56,33,29,3,1,5,5,0.12273522
770,81932,1048,58,33,29,3,1,5,5,0.12017685
771,81994,307,53,34,29,0,0,0,0,0.1509279
772,81995,307,54,34,29,1,5,6,9,0.14147924
773,81996,1048,55,34,29,1,5,6,6,0.14524408
774,81999,1048,58,34,29,3,1,5,5,0.12442396
775,82000,1048,59,34,29,3,1,1,12,0.13142107
776,82062,307,54,35,29,0,0,0,0,0.15528925
777,82063,307,55,35,29,0,0,0,0,0.15438604
778,82064,307,56,35,29,1,5,1,1,0.13674021
779,82065,307,57,35,29,1,1,1,1,0.13403742
780,82066,307,58,35,29,1,5,6,6,0.14489913
781,84212,773,60,26,30,2,2,2,11,0.19224016
782,84274,970,55,27,30,2,2,2,11,0.19025631
783,84275,970,56,27,30,2,2,2,11,0.18751514
784,84276,970,57,27,30,2,2,2,2,0.18402629
785,84277,970,58,27,30,2,2,2,11,0.18816866
786,84278,970,59,27,30,2,2,2,11,0.1937992
787,84280,773,61,27,30,2,2,2,11,0.1889124
788,84281,773,62,27,30,2,2,2,11,0.20084432
789,84340,1048,54,28,30,1,5,6,6,0.1464993
790,84341,1048,55,28,30,0,0,4,10,0.16115892
791,84342,970,56,28,30,2,2,7,2,0.17645189
792,84343,970,57,28,30,2,2,2,2,0.18356395
793,84344,970,58,28,30,2,2,7,2,0.177725
794,84345,1048,59,28,30,2,4,7,7,0.17208797
795,84346,1048,60,28,30,0,4,4,4,0.16451159
796,84347,773,61,28,30,2,4,7,7,0.17030653
797,84348,773,62,28,30,2,4,7,7,0.17366216
798,84349,773,63,28,30,2,4,7,7,0.17160091
799,84350,773,64,28,30,2,4,7,7,0.1737754
800,84407,1048,54,29,30,3,1,1,1,0.13292369
801,84408,1048,55,29,30,1,1,1,1,0.1339534
802,84409,1048,56,29,30,1,0,6,6,0.14872763
803,84410,1048,57,29,30,0,0,4,10,0.1589472
804,84411,1048,58,29,30,1,0,0,0,0.15016407
805,84412,1048,59,29,30,1,5,1,1,0.1373425
806,84413,1048,60,29,30,3,1,1,12,0.1312211
807,84414,1048,61,29,30,1,5,6,9,0.14231673
808,84415,773,62,29,30,0,0,0,0,0.15262319
809,84416,773,63,29,30,0,0,0,10,0.15671532
810,84417,773,64,29,30,0,0,0,0,0.15473889
811,84474,1048,54,30,30,3,1,5,12,0.12984808
812,84475,1048,55,30,30,3,1,5,12,0.12863545
813,84476,1048,56,30,30,1,5,1,1,0.1358908
814,84477,1048,57,30,30,1,5,1,1,0.1356288
815,84478,1048,58,30,30,3,1,5,12,0.12846825
816,84479,1048,59,30,30,3,1,5,5,0.122904465
817,84480,1048,60,30,30,3,3,5,5,0.11740892
818,84481,1048,61,30,30,3,1,5,12,0.12882818
819,84482,1107,62,30,30,1,5,6,9,0.14043763
820,84483,1107,63,30,30,1,5,6,6,0.14688921
821,84484,1107,64,30,30,1,5,6,9,0.14203885
822,84541,1048,54,31,30,1,1,1,1,0.13447534
823,84542,1048,55,31,30,3,1,1,12,0.13080128
824,84543,1048,56,31,30,1,1,1,1,0.13371219
825,84544,1048,57,31,30,3,1,5,12,0.12871537
826,84545,1048,58,31,30,3,1,5,12,0.12732843
827,84546,1048,59,31,30,3,1,5,12,0.12974556
828,84547,1048,60,31,30,3,3,5,5,0.117534906
829,84549,1107,62,31,30,3,1,1,12,0.13230665
830,84550,1107,63,31,30,3,1,1,12,0.1307194
831,84608,1048,54,32,30,1,5,1,9,0.13956936
832,84609,1048,55,32,30,1,5,1,1,0.13811937
833,84610,1048,56,32,30,3,1,1,12,0.1309196
834,84611,1048,57,32,30,1,5,1,1,0.1371679
835,84612,1048,58,32,30,1,1,1,1,0.13328
836,84614,1048,60,32,30,3,3,5,3,0.11573982
837,84616,1107,62,32,30,3,1,5,12,0.12966262
838,84674,307,53,33,30,1,5,6,9,0.14249338
839,84675,1048,54,33,30,1,5,1,1,0.13718094
840,84676,1048,55,33,30,1,5,6,6,0.1447669
841,84677,1048,56,33,30,3,1,5,5,0.12619759
842,84678,1048,57,33,30,1,5,1,1,0.13761184
843,84679,1048,58,33,30,3,1,5,12,0.13019206
844,84680,1048,59,33,30,1,1,1,1,0.1341515
845,84681,1048,60,33,30,3,1,5,5,0.120638326
846,84741,307,53,34,30,1,5,6,9,0.14070599
847,84742,307,54,34,30,1,1,1,1,0.13452354
848,84743,307,55,34,30,1,5,6,6,0.14591977
849,84744,1048,56,34,30,3,1,5,5,0.12546776
850,84745,1048,57,34,30,3,1,5,12,0.12705535
851,84746,1048,58,34,30,3,1,5,12,0.13012478
852,84747,307,59,34,30,1,5,6,9,0.14057545
853,84809,307,54,35,30,1,5,6,6,0.1479373
854,84810,307,55,35,30,1,5,6,6,0.14838731
855,84811,307,56,35,30,3,1,1,12,0.13100077
856,84812,307,57,35,30,1,1,1,1,0.13539617
857,84813,307,58,35,30,1,0,0,6,0.14994666
858,84877,307,55,36,30,0,4,4,10,0.16130777
859,86959,136,60,26,31,2,2,2,11,0.19026543
860,87020,1048,54,27,31,0,4,4,4,0.16604972
861,87023,970,57,27,31,2,2,2,2,0.17995709
862,87024,970,58,27,31,2,2,2,2,0.18376938
863,87025,136,59,27,31,2,2,2,11,0.18849722
864,87026,136,60,27,31,2,2,2,11,0.18528308
865,87027,136,61,27,31,2,2,2,11,0.18782562
866,87028,136,62,27,31,2,2,2,11,0.19869404
867,87029,136,63,27,31,2,2,2,11,0.20677516
868,87087,1048,54,28,31,1,1,1,1,0.13428432
869,87088,1048,55,28,31,1,5,6,6,0.14660738
870,87089,1048,56,28,31,0,0,4,10,0.16023907
871,87090,1048,57,28,31,2,4,7,7,0.17254038
872,87091,1048,58,28,31,2,4,7,7,0.17044362
873,87092,1048,59,28,31,2,4,7,7,0.16957393
874,87093,1048,60,28,31,2,4,7,4,0.168493
875,87094,1048,61,28,31,2,2,7,2,0.17631683
876,87095,773,62,28,31,2,4,7,7,0.17149709
877,87096,1107,63,28,31,0,0,4,10,0.15894206
878,87097,1107,64,28,31,0,0,0,10,0.15735771
879,87154,1048,54,29,31,3,1,5,5,0.12544946
880,87155,1048,55,29,31,3,1,5,5,0.12058504
881,87156,1048,56,29,31,1,5,1,1,0.13769095
882,87157,1048,57,29,31,0,0,0,0,0.15098181
883,87158,1048,58,29,31,1,5,6,6,0.14564463
884,87159,1048,59,29,31,1,5,6,9,0.14084946
885,87160,1048,60,29,31,1,5,6,9,0.14020471
886,87161,1048,61,29,31,1,5,6,6,0.14758267
887,87162,1107,62,29,31,1,5,6,6,0.14569332
888,87163,1107,63,29,31,1,5,6,9,0.14079787
889,87164,1107,64,29,31,1,5,6,9,0.14151737
890,87221,1048,54,30,31,3,1,5,5,0.12560971
891,87222,1048,55,30,31,3,1,5,5,0.12095591
892,87223,1048,56,30,31,3,1,5,5,0.12524194
893,87224,1048,57,30,31,3,1,5,12,0.12747848
894,87225,1048,58,30,31,3,1,5,12,0.12652618
895,87226,1048,59,30,31,3,1,1,12,0.1306102
896,87227,1048,60,30,31,3,1,5,12,0.12907112
897,87228,1048,61,30,31,3,1,1,1,0.13295579
898,87229,1107,62,30,31,1,5,6,9,0.14025708
899,87230,1107,63,30,31,1,0,6,6,0.14911404
900,87231,1107,64,30,31,1,5,6,6,0.14656988
901,87288,1048,54,31,31,3,1,1,12,0.13022475
902,87289,1048,55,31,31,3,1,5,5,0.12599912
903,87290,1048,56,31,31,3,3,5,3,0.11598494
904,87291,1048,57,31,31,3,3,5,5,0.11781893
905,87292,1048,58,31,31,3,1,5,5,0.123625904
906,87293,1048,59,31,31,3,1,5,12,0.12945905
907,87294,1048,60,31,31,3,1,5,5,0.123108186
908,87295,1048,61,31,31,3,1,5,12,0.12917419
909,87296,1107,62,31,31,1,5,6,9,0.1414663
910,87297,1107,63,31,31,1,5,6,6,0.1481171
911,87298,1107,64,31,31,1,5,6,9,0.14178208
912,87355,1048,54,32,31,1,5,1,1,0.13704342
913,87356,1048,55,32,31,1,5,1,1,0.13581103
914,87357,1048,56,32,31,3,1,5,5,0.11961194
915,87358,1048,57,32,31,3,1,5,5,0.12463809
916,87359,1048,58,32,31,3,1,5,12,0.12955284
917,87360,1048,59,32,31,3,1,1,12,0.13157943
918,87361,1048,60,32,31,3,1,5,5,0.121653005
919,87362,1048,61,32,31,3,1,5,12,0.12688787
920,87363,1107,62,32,31,1,1,1,1,0.13489369
921,87364,1107,63,32,31,1,5,6,9,0.1425435
922,87365,1107,64,32,31,3,1,1,12,0.13232858
923,87421,307,53,33,31,1,5,6,9,0.14249659
924,87422,1048,54,33,31,1,5,6,9,0.1425051
925,87423,1048,55,33,31,1,5,6,6,0.14472412
926,87424,1048,56,33,31,3,1,5,5,0.12316986
927,87425,1048,57,33,31,3,1,5,5,0.12493126
928,87426,1048,58,33,31,3,1,5,12,0.13010943
929,87427,1048,59,33,31,1,5,1,1,0.13848801
930,87428,1048,60,33,31,3,1,5,5,0.12454661
931,87430,1107,62,33,31,3,1,5,12,0.12900425
932,87488,307,53,34,31,1,5,6,6,0.14622805
933,87489,307,54,34,31,1,5,1,1,0.13771957
934,87490,307,55,34,31,1,0,6,6,0.14873683
935,87491,1048,56,34,31,3,1,5,12,0.12990516
936,87492,1048,57,34,31,3,1,5,5,0.12497695
937,87493,1048,58,34,31,3,1,5,12,0.1275129
938,87494,307,59,34,31,1,5,6,9,0.14248484
939,87495,1048,60,34,31,3,1,5,12,0.1292764
940,87496,1048,61,34,31,3,1,1,12,0.13183811
941,87497,1107,62,34,31,3,1,5,12,0.12956324
942,87556,307,54,35,31,1,5,6,9,0.14032528
943,87557,307,55,35,31,1,5,6,6,0.14834057
944,87558,307,56,35,31,3,1,5,12,0.12748435
945,87559,307,57,35,31,1,1,1,1,0.13364786
946,87560,307,58,35,31,1,5,6,9,0.14415699
947,87561,307,59,35,31,0,0,0,0,0.15352784
948,87562,307,60,35,31,1,0,0,6,0.14988668
949,87623,307,54,36,31,0,0,0,0,0.15335453
950,87624,307,55,36,31,0,0,0,10,0.15793589
951,87626,307,57,36,31,1,5,6,9,0.14340852
952,87627,307,58,36,31,0,4,4,4,0.16511728
953,89770,136,57,27,32,2,2,7,2,0.1773497
954,89771,136,58,27,32,2,2,7,7,0.17591964
955,89772,136,59,27,32,2,2,2,2,0.18030119
956,89773,136,60,27,32,2,2,2,2,0.17979458
957,89774,136,61,27,32,2,2,7,2,0.17872159
958,89775,136,62,27,32,2,2,2,11,0.18676752
959,89776,136,63,27,32,2,2,2,11,0.19077331
960,89777,136,64,27,32,2,2,7,2,0.17733312
961,89834,136,54,28,32,3,3,5,5,0.1171007
962,89837,136,57,28,32,0,4,4,4,0.16709232
963,89838,1048,58,28,32,0,4,4,4,0.16611063
964,89839,136,59,28,32,2,4,7,7,0.16896093
965,89840,136,60,28,32,2,2,7,2,0.1778695
966,89841,136,61,28,32,2,2,2,2,0.1825718
967,89842,136,62,28,32,2,4,7,7,0.17127019
968,89843,136,63,28,32,0,0,0,10,0.15701872
969,89844,136,64,28,32,1,5,6,6,0.14681713
970,89901,136,54,29,32,3,3,3,3,0.10220812
971,89902,136,55,29,32,3,3,3,3,0.10494049
972,89903,136,56,29,32,3,1,5,12,0.12972693
973,89904,136,57,29,32,1,5,6,6,0.14823739
974,89905,1048,58,29,32,0,0,0,0,0.1515815
975,89906,136,59,29,32,0,0,0,0,0.15468921
976,89907,1048,60,29,32,0,0,0,10,0.15748212
977,89908,1048,61,29,32,0,0,4,10,0.15989195
978,89909,1107,62,29,32,0,0,0,0,0.15335813
979,89910,1107,63,29,32,1,5,6,9,0.14362052
980,89911,1107,64,29,32,1,5,1,1,0.13746096
981,89968,136,54,30,32,3,3,3,3,0.11061959
982,89969,136,55,30,32,3,3,3,3,0.10538397
983,89970,136,56,30,32,3,3,3,3,0.11336296
984,89971,136,57,30,32,3,1,1,12,0.130871
985,89972,1048,58,30,32,1,5,6,9,0.14027892
986,89973,1048,59,30,32,1,5,6,6,0.14865246
987,89974,1048,60,30,32,1,5,6,6,0.14659958
988,89975,1048,61,30,32,1,5,6,6,0.14652312
989,89976,1107,62,30,32,1,0,0,6,0.14923337
990,89977,1107,63,30,32,1,0,0,6,0.14968872
991,89978,1107,64,30,32,1,5,6,9,0.14415756
992,90035,1048,54,31,32,3,1,5,5,0.11945113
993,90036,136,55,31,32,3,3,3,3,0.111914165
994,90037,136,56,31,32,3,3,3,3,0.09905703
995,90038,1048,57,31,32,3,1,5,5,0.12176011
996,90039,1048,58,31,32,1,5,1,1,0.13794646
997,90040,1048,59,31,32,1,5,6,9,0.14180854
998,90041,1048,60,31,32,1,5,1,9,0.13881148
999,90042,1048,61,31,32,1,5,6,9,0.14359374
1000,90043,1107,62,31,32,1,0,6,6,0.14874674
1001,90044,1107,63,31,32,0,0,0,0,0.150842
1002,90045,1107,64,31,32,1,5,6,6,0.14680392
1003,90102,1048,54,32,32,3,1,1,12,0.13184936
1004,90103,136,55,32,32,3,1,5,12,0.1272371
1005,90104,1048,56,32,32,3,3,3,3,0.10817647
1006,90105,1048,57,32,32,3,1,5,12,0.1283979
1007,90106,1048,58,32,32,1,5,1,9,0.13916908
1008,90107,1048,59,32,32,1,5,1,1,0.1375777
1009,90108,1048,60,32,32,1,5,1,1,0.13680382
1010,90109,1048,61,32,32,1,5,6,9,0.14360127
1011,90110,1107,62,32,32,1,5,6,9,0.1420868
1012,90111,1107,63,32,32,0,0,0,0,0.1523733
1013,90112,1107,64,32,32,1,5,6,6,0.14641276
1014,90169,1048,54,33,32,1,5,6,9,0.1408384
1015,90170,1048,55,33,32,1,1,1,1,0.13534415
1016,90171,1048,56,33,32,3,1,5,5,0.12093422
1017,90172,1048,57,33,32,3,1,1,12,0.13135277
1018,90173,1048,58,33,32,1,5,6,9,0.14235836
1019,90174,1048,59,33,32,1,5,1,1,0.13822934
1020,90176,1048,61,33,32,1,5,6,9,0.14127855
1021,90177,1107,62,33,32,1,5,6,9,0.14333662
1022,90178,1107,63,33,32,1,5,6,6,0.1465111
1023,90179,1107,64,33,32,1,1,1,1,0.13507003
1024,90235,307,53,34,32,1,5,6,9,0.14200966
1025,90236,1048,54,34,32,1,1,1,1,0.13422696
1026,90237,978,55,34,32,1,5,1,1,0.13673311
1027,90238,1048,56,34,32,1,1,1,1,0.13373971
1028,90239,978,57,34,32,3,1,5,12,0.1293647
1029,90240,1048,58,34,32,3,1,1,12,0.13180575
1030,90241,307,59,34,32,1,5,6,9,0.14204052
1031,90243,1048,61,34,32,1,5,6,9,0.14112374
1032,90244,1107,62,34,32,1,5,6,9,0.14203477
1033,90302,307,53,35,32,1,5,6,9,0.14324404
1034,90303,1048,54,35,32,3,1,1,1,0.13311493
1035,90304,978,55,35,32,1,1,1,1,0.13485415
1036,90306,978,57,35,32,3,1,5,12,0.12888955
1037,90307,307,58,35,32,1,5,1,9,0.13902205
1038,90308,307,59,35,32,0,0,0,0,0.15435258
1039,90309,307,60,35,32,0,0,0,0,0.15270768
1040,90371,978,55,36,32,1,5,6,9,0.14364229
1041,90373,978,57,36,32,1,5,1,1,0.13703023
1042,90374,307,58,36,32,0,4,4,4,0.16581386
1043,90375,307,59,36,32,2,4,7,7,0.17486024
1044,90440,978,57,37,32,0,0,0,10,0.15800351
1045,92380,852,54,25,33,2,2,2,11,0.18753994
1046,92447,852,54,26,33,0,4,4,10,0.16178985
1047,92515,852,55,27,33,0,4,4,4,0.16455905
1048,92517,136,57,27,33,2,4,7,7,0.16867122
1049,92520,852,60,27,33,2,2,7,7,0.1755224
1050,92521,852,61,27,33,2,4,7,7,0.1699333
1051,92522,852,62,27,33,2,2,7,7,0.17523505
1052,92523,1098,63,27,33,2,2,7,2,0.17763382
1053,92524,1098,64,27,33,0,4,4,4,0.1667356
1054,92581,136,54,28,33,3,1,5,5,0.11917831
1055,92582,852,55,28,33,1,5,1,1,0.13652618
1056,92583,852,56,28,33,0,0,0,10,0.15668708
1057,92584,136,57,28,33,0,4,4,4,0.16276631
1058,92585,136,58,28,33,0,4,4,4,0.1641858
1059,92586,852,59,28,33,2,2,7,7,0.17523886
1060,92587,852,60,28,33,2,2,2,11,0.18679439
1061,92588,136,61,28,33,2,2,2,11,0.1856883
1062,92589,136,62,28,33,2,2,7,2,0.17767012
1063,92590,136,63,28,33,2,4,7,7,0.16966315
1064,92591,136,64,28,33,0,0,0,0,0.15059055
1065,92592,1098,65,28,33,3,1,1,12,0.1312913
1066,92648,136,54,29,33,3,3,3,3,0.1072957
1067,92649,136,55,29,33,3,3,3,3,0.1136925
1068,92650,136,56,29,33,1,5,1,1,0.13562626
1069,92651,136,57,29,33,0,0,0,0,0.15154332
1070,92652,136,58,29,33,0,4,4,4,0.1663942
1071,92653,136,59,29,33,2,2,7,7,0.17593722
1072,92654,136,60,29,33,2,2,7,7,0.17502998
1073,92655,136,61,29,33,2,4,7,7,0.17401458
1074,92656,136,62,29,33,2,4,7,7,0.17068699
1075,92657,136,63,29,33,0,0,4,10,0.15956487
1076,92658,136,64,29,33,1,5,6,9,0.14084402
1077,92715,136,54,30,33,3,3,3,3,0.10864796
1078,92716,136,55,30,33,3,3,3,3,0.10894046
1079,92717,136,56,30,33,3,1,5,5,0.119744174
1080,92718,136,57,30,33,1,5,6,9,0.14270325
1081,92719,136,58,30,33,0,0,4,10,0.15996745
1082,92720,136,59,30,33,2,4,7,7,0.16883916
1083,92721,1048,60,30,33,0,4,4,10,0.1614875
1084,92722,136,61,30,33,0,0,4,10,0.16005546
1085,92723,1107,62,30,33,0,0,4,10,0.15837999
1086,92724,136,63,30,33,0,0,0,0,0.15432547
1087,92725,1107,64,30,33,1,5,6,6,0.14823036
1088,92783,136,55,31,33,3,3,5,3,0.115160644
1089,92784,136,56,31,33,3,3,3,3,0.106783986
1090,92785,136,57,31,33,1,5,1,1,0.13706876
1091,92786,1048,58,31,33,0,0,0,10,0.15684015
1092,92787,136,59,31,33,0,4,4,4,0.16292414
1093,92788,1048,60,31,33,0,0,0,10,0.15747921
1094,92789,1048,61,31,33,0,0,0,10,0.15668976
1095,92790,1107,62,31,33,0,0,0,0,0.15300708
1096,92791,1107,63,31,33,0,0,0,0,0.15343294
1097,92792,1107,64,31,33,1,5,6,6,0.14850219
1098,92849,136,54,32,33,1,1,1,1,0.13417438
1099,92850,136,55,32,33,3,1,1,12,0.13163981
1100,92851,136,56,32,33,3,3,5,3,0.116133645
1101,92852,136,57,32,33,1,5,6,6,0.14462107
1102,92853,1048,58,32,33,1,0,0,6,0.14994815
1103,92854,1048,59,32,33,0,0,0,0,0.15227397
1104,92855,1048,60,32,33,0,4,4,4,0.16236615
1105,92856,1048,61,32,33,0,4,4,10,0.16135964
1106,92857,1107,62,32,33,0,0,0,0,0.1523666
1107,92858,1107,63,32,33,0,0,4,10,0.16101857
1108,92859,1107,64,32,33,0,0,0,0,0.15438414
1109,92916,661,54,33,33,1,5,1,9,0.13889377
1110,92917,136,55,33,33,3,1,1,12,0.13265468
1111,92918,1048,56,33,33,3,1,5,12,0.1286643
1112,92919,1048,57,33,33,0,0,0,0,0.15087233
1113,92920,1048,58,33,33,0,0,0,0,0.15146035
1114,92921,1048,59,33,33,1,5,1,9,0.13893108
1115,92923,1048,61,33,33,1,5,6,6,0.14696714
1116,92924,1107,62,33,33,0,0,0,0,0.15359859
1117,92925,1107,63,33,33,0,0,4,10,0.16031833
1118,92926,1107,64,33,33,1,5,6,6,0.14745519
1119,92983,661,54,34,33,1,1,1,1,0.13429032
1120,92984,661,55,34,33,3,1,5,5,0.12607904
1121,92985,978,56,34,33,1,1,1,1,0.13425651
1122,92986,1048,57,34,33,1,5,6,6,0.14481662
1123,92987,1048,58,34,33,1,5,6,6,0.14628261
1124,92988,1048,59,34,33,1,5,6,6,0.14830373
1125,92991,1107,62,34,33,0,0,4,10,0.15911567
1126,92992,1107,63,34,33,3,1,5,12,0.12976837
1127,93050,661,54,35,33,1,5,1,1,0.13652991
1128,93051,661,55,35,33,1,1,1,1,0.13348018
1129,93052,978,56,35,33,3,3,5,5,0.11745262
1130,93053,978,57,35,33,1,5,1,1,0.13635416
1131,93054,978,58,35,33,1,5,6,6,0.14731945
1132,93059,1107,63,35,33,3,3,3,8,0.077447414
1133,93117,661,54,36,33,0,0,4,10,0.15900333
1134,93119,978,56,36,33,3,1,5,5,0.12444533
1135,93120,978,57,36,33,1,1,1,1,0.13508166
1136,93121,978,58,36,33,0,4,4,4,0.16404624
1137,93122,307,59,36,33,2,2,2,2,0.1813293
1138,93188,978,58,37,33,2,2,2,2,0.18360822
1139,95127,852,54,25,34,2,2,7,7,0.17574657
1140,95194,852,54,26,34,0,0,0,0,0.15311068
1141,95203,1098,63,26,34,2,4,7,7,0.17336823
1142,95261,852,54,27,34,1,5,1,9,0.13865617
1143,95262,852,55,27,34,0,0,4,10,0.1591064
1144,95268,852,61,27,34,0,0,4,10,0.16120902
1145,95269,852,62,27,34,0,4,4,4,0.16595092
1146,95270,1098,63,27,34,2,4,7,7,0.16962488
1147,95271,1098,64,27,34,0,4,4,4,0.1659763
1148,95328,852,54,28,34,3,1,5,5,0.1254606
1149,95329,852,55,28,34,1,5,6,9,0.14096166
1150,95330,852,56,28,34,0,0,0,0,0.15541075
1151,95331,852,57,28,34,0,0,0,0,0.15161705
1152,95332,852,58,28,34,0,0,0,10,0.15619045
1153,95333,852,59,28,34,2,4,7,7,0.1739656
1154,95334,852,60,28,34,2,2,2,2,0.18110463
1155,95335,852,61,28,34,2,2,7,2,0.17819981
1156,95336,852,62,28,34,2,2,7,2,0.17777944
1157,95337,1098,63,28,34,2,4,7,7,0.17491186
1158,95338,1098,64,28,34,0,0,4,10,0.15999463
1159,95339,1098,65,28,34,1,5,6,9,0.14160396
1160,95394,136,53,29,34,3,3,3,3,0.11213072
1161,95395,852,54,29,34,3,3,5,5,0.11861964
1162,95396,852,55,29,34,3,1,5,12,0.1265452
1163,95397,852,56,29,34,1,5,6,9,0.14224115
1164,95398,852,57,29,34,1,5,6,6,0.14809231
1165,95399,852,58,29,34,2,4,7,7,0.17022304
1166,95400,852,59,29,34,2,2,2,11,0.18509577
1167,95401,136,60,29,34,2,2,2,2,0.18290278
1168,95402,136,61,29,34,2,2,7,2,0.17798592
1169,95403,136,62,29,34,2,4,7,7,0.17342477
1170,95404,136,63,29,34,0,4,4,4,0.16576324
1171,95405,136,64,29,34,1,0,0,6,0.14994659
1172,95406,1098,65,29,34,1,5,1,9,0.1387307
1173,95461,136,53,30,34,3,3,5,5,0.117603324
1174,95462,136,54,30,34,3,3,5,5,0.11791725
1175,95463,852,55,30,34,3,1,5,12,0.12792392
1176,95464,136,56,30,34,1,1,1,1,0.13333035
1177,95465,136,57,30,34,1,5,6,6,0.14687754
1178,95466,136,58,30,34,0,4,4,4,0.16568276
1179,95467,136,59,30,34,2,4,7,7,0.1738583
1180,95468,136,60,30,34,2,4,7,4,0.16811365
1181,95469,136,61,30,34,0,4,4,4,0.16525334
1182,95470,136,62,30,34,0,4,4,10,0.16130708
1183,95471,136,63,30,34,0,0,0,10,0.15744552
1184,95472,136,64,30,34,0,0,0,0,0.15362105
1185,95473,136,65,30,34,0,0,0,0,0.15541248
1186,95528,136,53,31,34,3,1,5,5,0.12405611
1187,95529,136,54,31,34,3,1,5,5,0.12541476
1188,95530,136,55,31,34,1,5,6,9,0.14129506
1189,95531,136,56,31,34,3,1,5,12,0.12904334
1190,95532,136,57,31,34,0,0,0,0,0.15187553
1191,95533,136,58,31,34,0,4,4,4,0.16442414
1192,95534,136,59,31,34,2,4,7,4,0.16845013
1193,95536,136,61,31,34,0,0,4,10,0.15900788
1194,95537,136,62,31,34,0,0,0,0,0.1553712
1195,95538,136,63,31,34,0,0,0,0,0.15501736
1196,95539,1107,64,31,34,1,0,0,6,0.14988263
1197,95594,661,52,32,34,1,5,6,6,0.14452021
1198,95595,136,53,32,34,3,1,1,12,0.13129541
1199,95596,136,54,32,34,1,5,6,9,0.14089616
1200,95597,136,55,32,34,0,0,0,0,0.15154983
1201,95598,136,56,32,34,1,1,1,1,0.1336372
1202,95599,136,57,32,34,0,0,0,0,0.15492874
1203,95600,136,58,32,34,0,0,0,0,0.15591863
1204,95601,136,59,32,34,0,0,4,10,0.15947188
1205,95602,1048,60,32,34,2,4,7,7,0.17072386
1206,95603,1048,61,32,34,2,4,7,7,0.16874103
1207,95604,1107,62,32,34,0,4,4,4,0.16301571
1208,95605,1107,63,32,34,0,4,4,4,0.16732274
1209,95606,1107,64,32,34,0,0,4,10,0.16065964
1210,95662,661,53,33,34,1,1,1,1,0.13529086
1211,95663,661,54,33,34,1,5,1,1,0.1377635
1212,95664,661,55,33,34,1,1,1,1,0.13374588
1213,95665,661,56,33,34,1,5,1,1,0.13623524
1214,95666,136,57,33,34,0,0,0,10,0.15810913
1215,95667,136,58,33,34,0,0,0,0,0.1546276
1216,95669,978,60,33,34,1,5,6,9,0.14384802
1217,95670,978,61,33,34,1,5,6,6,0.14793617
1218,95671,1048,62,33,34,0,0,4,10,0.16004379
1219,95672,1107,63,33,34,2,4,7,7,0.1710525
1220,95673,1107,64,33,34,0,0,0,10,0.15723729
1221,95729,661,53,34,34,1,5,6,9,0.14100832
1222,95730,661,54,34,34,1,5,1,9,0.13887757
1223,95731,661,55,34,34,3,1,5,5,0.12558869
1224,95732,661,56,34,34,3,1,1,12,0.13147177
1225,95733,978,57,34,34,0,0,0,0,0.15497896
1226,95734,1048,58,34,34,0,0,0,0,0.154853
1227,95735,978,59,34,34,0,0,0,10,0.15659618
1228,95736,978,60,34,34,0,0,0,0,0.15073979
1229,95737,978,61,34,34,0,0,0,0,0.15058242
1230,95739,1107,63,34,34,1,5,6,9,0.14275435
1231,95740,235,64,34,34,1,5,1,9,0.13931966
1232,95796,661,53,35,34,1,5,1,1,0.13692039
1233,95797,661,54,35,34,0,0,0,0,0.15484242
1234,95798,661,55,35,34,0,0,0,0,0.15483846
1235,95799,978,56,35,34,3,1,5,5,0.122008346
1236,95800,978,57,35,34,1,5,6,6,0.14854227
1237,95801,978,58,35,34,0,0,0,10,0.15710135
1238,95802,978,59,35,34,2,4,7,7,0.16989736
1239,95803,978,60,35,34,0,0,0,10,0.1573977
1240,95864,661,54,36,34,0,4,4,4,0.16381642
1241,95865,661,55,36,34,0,4,4,4,0.16310178
1242,95866,978,56,36,34,1,5,1,1,0.13733074
1243,95867,978,57,36,34,1,5,1,9,0.13883105
1244,95868,978,58,36,34,0,4,4,4,0.16458306
1245,95869,978,59,36,34,2,2,2,2,0.18305907
1246,95935,978,58,37,34,2,4,7,7,0.17314157
1247,95936,978,59,37,34,2,2,7,2,0.17650461
1248,97941,852,54,26,35,0,0,0,0,0.15306327
1249,97949,852,62,26,35,0,4,4,4,0.1633658
1250,98007,852,53,27,35,3,1,1,12,0.1315938
1251,98008,852,54,27,35,1,5,6,9,0.14213058
1252,98009,852,55,27,35,0,0,0,0,0.1548483
1253,98013,852,59,27,35,0,0,0,10,0.15696922
1254,98015,852,61,27,35,0,0,0,0,0.15291755
1255,98016,852,62,27,35,0,4,4,4,0.16252258
1256,98018,1098,64,27,35,2,4,7,7,0.17199945
1257,98074,852,53,28,35,3,1,5,12,0.12713027
1258,98075,852,54,28,35,3,1,5,12,0.13019669
1259,98076,852,55,28,35,1,5,6,9,0.14056516
1260,98080,852,59,28,35,0,4,4,4,0.16709922
1261,98081,852,60,28,35,0,4,4,4,0.16565591
1262,98082,852,61,28,35,0,4,4,4,0.16364035
1263,98083,852,62,28,35,2,4,7,4,0.16855098
1264,98084,1098,63,28,35,2,4,7,4,0.16828631
1265,98085,1098,64,28,35,0,4,4,4,0.16224292
1266,98144,852,56,29,35,1,5,6,9,0.14235885
1267,98145,852,57,29,35,1,5,6,9,0.14282754
1268,98146,852,58,29,35,0,4,4,4,0.162737
1269,98147,852,59,29,35,2,2,2,2,0.17986414
1270,98148,852,60,29,35,2,2,7,2,0.1769742
1271,98149,136,61,29,35,2,4,7,7,0.16972639
1272,98150,136,62,29,35,0,4,4,4,0.16557786
1273,98151,1098,63,29,35,0,4,4,4,0.16250382
1274,98152,1098,64,29,35,0,0,0,0,0.15269127
1275,98153,1098,65,29,35,1,5,6,6,0.14524889
1276,98208,136,53,30,35,3,1,5,12,0.12933725
1277,98209,852,54,30,35,3,1,5,12,0.12904324
1278,98210,852,55,30,35,1,5,6,9,0.1435089
1279,98211,852,56,30,35,1,5,6,9,0.14200442
1280,98212,852,57,30,35,1,0,0,6,0.1495618
1281,98213,852,58,30,35,0,4,4,4,0.16442333
1282,98215,136,60,30,35,0,4,4,4,0.1651817
1283,98216,136,61,30,35,0,0,0,10,0.1581724
1284,98217,136,62,30,35,0,0,4,10,0.15849584
1285,98218,136,63,30,35,0,0,4,10,0.15990028
1286,98219,136,64,30,35,0,0,0,0,0.15325701
1287,98220,1098,65,30,35,0,0,0,10,0.15777738
1288,98275,136,53,31,35,3,1,5,12,0.12720108
1289,98276,136,54,31,35,1,5,1,1,0.13635573
1290,98277,852,55,31,35,0,0,4,10,0.15947436
1291,98278,136,56,31,35,0,0,0,0,0.15060121
1292,98279,852,57,31,35,0,4,4,4,0.16365121
1293,98280,136,58,31,35,0,4,4,4,0.16342834
1294,98281,136,59,31,35,0,4,4,4,0.16240399
1295,98282,136,60,31,35,0,0,0,0,0.15577994
1296,98283,136,61,31,35,0,0,0,0,0.15166537
1297,98284,136,62,31,35,0,0,0,0,0.15420817
1298,98285,136,63,31,35,0,0,4,10,0.16013674
1299,98286,136,64,31,35,0,0,0,0,0.15419322
1300,98287,136,65,31,35,0,0,0,10,0.15774123
1301,98342,136,53,32,35,3,1,5,12,0.12888053
1302,98343,661,54,32,35,1,5,6,9,0.14371887
1303,98344,136,55,32,35,0,0,4,10,0.16124187
1304,98345,136,56,32,35,0,0,0,10,0.15664504
1305,98346,136,57,32,35,0,4,4,4,0.16363788
1306,98347,136,58,32,35,0,0,0,0,0.15550615
1307,98348,136,59,32,35,0,0,0,0,0.1530705
1308,98349,136,60,32,35,0,0,0,0,0.15494308
1309,98351,1048,62,32,35,0,4,4,4,0.16330387
1310,98352,136,63,32,35,2,4,7,7,0.1728482
1311,98353,136,64,32,35,0,4,4,4,0.16448495
1312,98409,661,53,33,35,1,1,1,1,0.13375898
1313,98410,661,54,33,35,1,5,6,9,0.13982931
1314,98411,661,55,33,35,3,1,1,12,0.13259318
1315,98412,661,56,33,35,1,0,0,6,0.14991927
1316,98413,136,57,33,35,0,4,4,4,0.16560273
1317,98414,939,58,33,35,0,4,4,4,0.16218314
1318,98415,939,59,33,35,0,0,0,0,0.15320398
1319,98416,939,60,33,35,1,5,6,6,0.14521126
1320,98420,1107,64,33,35,0,0,4,10,0.15884128
1321,98478,661,55,34,35,3,1,5,12,0.12765753
1322,98479,661,56,34,35,1,1,1,1,0.13360074
1323,98480,978,57,34,35,0,0,0,10,0.15740013
1324,98481,143,58,34,35,0,4,4,10,0.1614866
1325,98483,143,60,34,35,0,4,4,4,0.16213427
1326,98484,143,61,34,35,0,0,4,10,0.15920332
1327,98486,1107,63,34,35,0,0,0,0,0.15243675
1328,98545,661,55,35,35,2,4,7,7,0.16947411
1329,98547,978,57,35,35,0,0,0,10,0.15618122
1330,98548,143,58,35,35,0,4,4,4,0.16300176
1331,98549,978,59,35,35,2,4,7,7,0.16980357
1332,98550,978,60,35,35,0,0,0,10,0.15767884
1333,98551,978,61,35,35,0,4,4,4,0.16473554
1334,98614,978,57,36,35,1,5,6,9,0.14308544
1335,98615,978,58,36,35,0,4,4,4,0.16452648
1336,98616,978,59,36,35,2,2,2,2,0.17953086
1337,98618,978,61,36,35,2,4,7,7,0.17449234
1338,98682,978,58,37,35,0,0,4,10,0.15918978
1339,100687,852,53,26,36,1,5,6,6,0.14644328
1340,100754,852,53,27,36,1,5,6,9,0.14408024
1341,100761,852,60,27,36,1,5,6,6,0.14523542
1342,100763,852,62,27,36,0,4,4,4,0.1620706
1343,100765,1098,64,27,36,2,2,7,2,0.17612597
1344,100822,852,54,28,36,1,5,1,9,0.13884258
1345,100828,852,60,28,36,0,0,0,0,0.15314597
1346,100829,136,61,28,36,0,0,0,0,0.15578964
1347,100830,852,62,28,36,0,4,4,4,0.1641702
1348,100832,1098,64,28,36,0,4,4,4,0.16193724
1349,100889,852,54,29,36,1,5,6,9,0.14329904
1350,100890,852,55,29,36,1,5,6,9,0.14051986
1351,100891,852,56,29,36,1,5,1,1,0.1357908
1352,100892,852,57,29,36,1,5,1,9,0.13968432
1353,100894,852,59,29,36,2,4,7,7,0.17187428
1354,100895,852,60,29,36,2,4,7,7,0.17063262
1355,100896,136,61,29,36,2,4,7,4,0.16826206
1356,100897,136,62,29,36,0,4,4,4,0.16580823
1357,100898,1098,63,29,36,0,0,4,10,0.15873757
1358,100899,1098,64,29,36,1,5,6,6,0.14755565
1359,100955,136,53,30,36,1,5,6,6,0.1470145
1360,100956,852,54,30,36,1,0,6,6,0.149153
1361,100957,852,55,30,36,0,0,0,0,0.15343699
1362,100958,852,56,30,36,1,5,6,6,0.14494178
1363,100959,852,57,30,36,0,0,0,0,0.15141577
1364,100960,852,58,30,36,0,4,4,4,0.16327594
1365,100961,136,59,30,36,2,4,7,7,0.1720275
1366,100962,136,60,30,36,0,0,4,10,0.16112992
1367,100963,136,61,30,36,0,0,0,10,0.1576857
1368,100964,136,62,30,36,0,0,4,10,0.15950738
1369,100965,1098,63,30,36,0,0,4,10,0.15951702
1370,100966,1098,64,30,36,1,0,0,6,0.15000273
1371,101022,136,53,31,36,1,5,6,9,0.1398413
1372,101023,852,54,31,36,1,0,6,6,0.1488369
1373,101024,852,55,31,36,2,4,7,7,0.1700627
1374,101025,852,56,31,36,0,4,4,4,0.16199869
1375,101026,852,57,31,36,0,4,4,4,0.16699284
1376,101027,136,58,31,36,0,4,4,4,0.16363093
1377,101028,136,59,31,36,0,4,4,10,0.16162175
1378,101029,136,60,31,36,0,0,0,0,0.15185778
1379,101030,136,61,31,36,1,5,6,6,0.14727384
1380,101031,136,62,31,36,1,0,0,6,0.14971748
1381,101032,136,63,31,36,0,0,4,10,0.16015783
1382,101089,661,53,32,36,3,1,1,12,0.13073695
1383,101090,661,54,32,36,1,5,6,6,0.14682785
1384,101091,661,55,32,36,0,0,4,10,0.15861289
1385,101092,136,56,32,36,0,4,4,4,0.16457935
1386,101093,852,57,32,36,0,4,4,4,0.16506977
1387,101094,852,58,32,36,0,0,0,0,0.15425031
1388,101095,136,59,32,36,0,0,0,0,0.15269105
1389,101098,136,62,32,36,0,0,0,0,0.15521677
1390,101099,136,63,32,36,2,4,7,7,0.17118907
1391,101100,136,64,32,36,0,4,4,4,0.1620748
1392,101156,661,53,33,36,1,1,1,1,0.13478552
1393,101157,661,54,33,36,1,5,6,6,0.14516374
1394,101158,661,55,33,36,3,1,1,12,0.13217205
1395,101159,661,56,33,36,0,0,0,0,0.15305972
1396,101161,136,58,33,36,0,4,4,4,0.16270311
1397,101164,978,61,33,36,0,0,0,0,0.1534409
1398,101166,136,63,33,36,2,2,7,2,0.17700118
1399,101167,136,64,33,36,0,0,4,10,0.1593167
1400,101223,661,53,34,36,1,5,6,6,0.14615798
1401,101224,661,54,34,36,1,5,6,6,0.14713189
1402,101225,661,55,34,36,3,1,1,12,0.13226442
1403,101226,661,56,34,36,1,5,6,9,0.14025538
1404,101227,978,57,34,36,0,0,0,0,0.15246719
1405,101228,136,58,34,36,0,4,4,4,0.16482264
1406,101229,978,59,34,36,2,2,2,11,0.18562476
1407,101230,978,60,34,36,0,4,4,4,0.16373603
1408,101231,978,61,34,36,0,4,4,4,0.16602066
1409,101233,136,63,34,36,0,0,4,10,0.16025016
1410,101234,1107,64,34,36,0,0,0,10,0.15647233
1411,101291,661,54,35,36,1,5,6,6,0.1485104
1412,101292,661,55,35,36,0,4,4,10,0.161804
1413,101293,661,56,35,36,1,5,6,9,0.14160512
1414,101294,978,57,35,36,0,0,0,0,0.1516103
1415,101295,978,58,35,36,2,4,7,4,0.16781028
1416,101296,978,59,35,36,2,4,7,7,0.17105098
1417,101298,978,61,35,36,0,0,4,10,0.16005062
1418,101362,978,58,36,36,0,0,4,10,0.15872505
1419,103367,852,53,25,37,1,5,6,6,0.14524747
1420,103434,852,53,26,37,1,5,6,6,0.14634427
1421,103501,852,53,27,37,1,5,6,9,0.14281556
1422,103568,852,53,28,37,1,5,6,6,0.14710665
1423,103635,852,53,29,37,0,0,0,0,0.15165897
1424,103644,136,62,29,37,2,4,7,7,0.17356397
1425,103645,1098,63,29,37,0,4,4,4,0.16629063
1426,103646,1098,64,29,37,0,0,0,0,0.15297788
1427,103711,136,62,30,37,2,4,7,7,0.1707589
1428,103712,1098,63,30,37,0,4,4,4,0.16551352
1429,103713,1098,64,30,37,0,0,0,0,0.15348256
1430,103769,136,53,31,37,1,5,6,6,0.1459853
1431,103770,852,54,31,37,0,0,4,10,0.15932272
1432,103773,852,57,31,37,0,4,4,4,0.1643926
1433,103774,136,58,31,37,0,4,4,4,0.1661715
1434,103775,136,59,31,37,0,4,4,4,0.16348307
1435,103778,136,62,31,37,0,0,0,10,0.15806103
1436,103779,1098,63,31,37,2,4,7,7,0.16982943
1437,103836,136,53,32,37,1,5,1,1,0.13775998
1438,103837,852,54,32,37,0,0,0,0,0.1541091
1439,103842,136,59,32,37,0,0,4,10,0.15839863
1440,103845,136,62,32,37,0,0,4,10,0.15840547
1441,103846,136,63,32,37,2,2,7,7,0.17516
1442,103904,661,54,33,37,0,0,0,0,0.15452956
1443,103905,661,55,33,37,1,5,6,6,0.14562483
1444,103908,852,58,33,37,0,0,4,10,0.16054788
1445,103909,978,59,33,37,2,4,7,4,0.16774943
1446,103912,136,62,33,37,2,4,7,7,0.17070287
1447,103913,136,63,33,37,2,2,2,11,0.18737593
1448,103914,136,64,33,37,0,4,4,4,0.16447093
1449,103970,661,53,34,37,1,0,6,6,0.14903806
1450,103971,661,54,34,37,0,0,0,10,0.15605175
1451,103972,661,55,34,37,1,5,6,6,0.14635767
1452,103975,978,58,34,37,0,4,4,4,0.16723433
1453,103976,978,59,34,37,2,2,2,2,0.18031575
1454,103977,978,60,34,37,0,4,4,4,0.16208789
1455,103980,136,63,34,37,2,2,7,7,0.17566456
1456,104039,661,55,35,37,1,5,6,9,0.14402673
1457,104040,661,56,35,37,1,5,6,6,0.14764896
1458,104042,978,58,35,37,0,4,4,4,0.16628672
1459,104043,978,59,35,37,2,4,7,7,0.16976467
1460,106114,852,53,25,38,1,0,0,6,0.15014744
1461,106181,852,53,26,38,1,5,6,6,0.14477019
1462,106659,136,62,33,38,2,4,7,7,0.17212038
1463,108861,852,53,25,39,0,0,0,0,0.15478897
1464,109474,136,63,34,39,3,3,3,8,0.085290834
