index,voxRowNum,Structure-ID,X,Y,Z,Cluster_4,Cluster_6,Cluster_8,Cluster_13,Chat-252
0,51174,852,53,25,18,3,3,7,4,0.004974713
1,51787,136,63,34,18,3,3,4,9,7.76e-05
2,53921,852,53,25,19,3,3,7,7,0.005733273
3,53988,852,53,26,19,3,3,7,7,0.006038758
4,54466,136,62,33,19,3,3,4,9,0.002626408
5,56668,852,53,25,20,1,1,1,10,0.01304266
6,56735,852,53,26,20,1,1,1,10,0.01472626
7,56802,852,53,27,20,1,1,1,1,0.011972019
8,56869,852,53,28,20,3,1,7,7,0.007415192
9,56878,852,62,28,20,1,4,5,8,0.023931876
10,56936,852,53,29,20,3,3,7,7,0.005598719
11,56945,136,62,29,20,1,4,5,8,0.02334433
12,56946,1098,63,29,20,3,1,7,1,0.009111056
13,56947,1098,64,29,20,0,0,0,0,-1.0
14,57004,852,54,30,20,1,4,5,5,0.01860754
15,57005,852,55,30,20,3,1,7,7,0.007196636
16,57009,136,59,30,20,3,1,7,1,0.008855999
17,57012,136,62,30,20,1,4,5,8,0.023980884
18,57013,1098,63,30,20,1,1,1,1,0.00999031
19,57014,1098,64,30,20,0,0,0,0,-1.0
20,57070,136,53,31,20,3,3,7,7,0.00683878
21,57071,852,54,31,20,1,4,5,8,0.020891892
22,57072,852,55,31,20,1,1,1,10,0.01449472
23,57074,852,57,31,20,1,4,5,8,0.024314059
24,57075,136,58,31,20,1,4,5,5,0.01943165
25,57076,136,59,31,20,3,1,1,1,0.009422506
26,57079,136,62,31,20,1,4,5,8,0.021164019
27,57080,1098,63,31,20,3,1,7,7,0.008118368
28,57137,136,53,32,20,3,3,7,7,0.006432292
29,57138,852,54,32,20,1,4,5,5,0.01868927
30,57143,136,59,32,20,1,1,1,1,0.011619566
31,57146,136,62,32,20,1,1,1,10,0.01433919
32,57147,136,63,32,20,3,3,7,4,0.004903552
33,57204,661,53,33,20,3,3,4,4,0.004347993
34,57206,661,55,33,20,2,4,3,12,0.029230548
35,57209,852,58,33,20,2,2,6,6,0.046146363
36,57210,978,59,33,20,1,1,1,10,0.013800713
37,57213,136,62,33,20,3,3,7,7,0.006557266
38,57214,136,63,33,20,3,3,4,9,0.002324083
39,57215,136,64,33,20,0,0,0,0,-1.0
40,57271,661,53,34,20,3,3,4,9,0.001559781
41,57272,661,54,34,20,3,3,4,4,0.004448379
42,57273,661,55,34,20,1,4,5,8,0.02163065
43,57274,661,56,34,20,1,4,5,5,0.017016856
44,57276,978,58,34,20,1,4,5,5,0.016809823
45,57277,978,59,34,20,3,1,7,7,0.007210143
46,57278,978,60,34,20,0,0,0,0,-1.0
47,57281,136,63,34,20,3,3,4,9,0.000820961
48,57339,661,54,35,20,3,3,4,9,0.000573573
49,57340,661,55,35,20,3,3,4,4,0.003743233
50,57341,661,56,35,20,3,3,7,4,0.004937759
51,57343,978,58,35,20,3,3,4,9,0.002236549
52,57344,978,59,35,20,3,3,4,9,0.002106066
53,59482,852,53,26,21,2,2,3,3,0.0372771
54,59549,852,53,27,21,2,2,3,3,0.03215842
55,59556,852,60,27,21,0,0,0,0,-1.0
56,59558,852,62,27,21,1,4,5,5,0.018201558
57,59560,1098,64,27,21,0,0,0,0,-1.0
58,59617,852,54,28,21,1,1,1,10,0.015133788
59,59623,852,60,28,21,0,0,0,0,-1.0
60,59624,852,61,28,21,1,1,1,1,0.011605455
61,59625,852,62,28,21,1,4,5,5,0.017452486
62,59627,1098,64,28,21,0,0,0,0,-1.0
63,59684,852,54,29,21,1,1,1,10,0.014632551
64,59685,852,55,29,21,3,3,7,7,0.006524711
65,59686,852,56,29,21,3,3,4,4,0.004175591
66,59687,852,57,29,21,1,1,1,1,0.010197222
67,59688,852,58,29,21,3,1,7,7,0.007778611
68,59689,852,59,29,21,3,1,7,7,0.008131813
69,59690,852,60,29,21,0,0,0,0,-1.0
70,59691,136,61,29,21,1,1,1,1,0.011012562
71,59692,136,62,29,21,1,4,5,8,0.022032257
72,59693,1098,63,29,21,1,1,1,10,0.014092584
73,59694,1098,64,29,21,0,0,0,0,-1.0
74,59750,136,53,30,21,3,3,7,4,0.005176599
75,59751,852,54,30,21,1,4,5,10,0.016298098
76,59752,852,55,30,21,3,1,7,7,0.008446886
77,59753,852,56,30,21,3,3,7,7,0.006104144
78,59754,852,57,30,21,1,1,1,10,0.014292705
79,59755,852,58,30,21,1,1,1,1,0.012570936
80,59756,136,59,30,21,3,1,7,7,0.008595457
81,59757,136,60,30,21,0,0,0,0,-1.0
82,59758,136,61,30,21,1,4,3,8,0.024894029
83,59759,136,62,30,21,2,2,3,3,0.032128118
84,59760,1098,63,30,21,1,4,5,5,0.019100284
85,59761,136,64,30,21,0,0,0,0,-1.0
86,59762,1098,65,30,21,0,0,0,0,-1.0
87,59817,136,53,31,21,3,3,7,7,0.005473828
88,59818,852,54,31,21,1,4,5,5,0.020535307
89,59819,852,55,31,21,1,4,5,5,0.02008924
90,59820,852,56,31,21,1,1,1,10,0.014306233
91,59821,852,57,31,21,2,2,3,3,0.037082117
92,59822,136,58,31,21,1,4,3,12,0.025799217
93,59823,136,59,31,21,1,1,1,1,0.012212956
94,59824,136,60,31,21,0,0,0,0,-1.0
95,59825,136,61,31,21,1,4,3,8,0.025214361
96,59826,136,62,31,21,1,4,3,12,0.02816201
97,59827,136,63,31,21,1,1,1,10,0.014843551
98,59884,661,53,32,21,3,3,7,7,0.005563876
99,59885,661,54,32,21,1,4,5,8,0.022276677
100,59886,661,55,32,21,2,2,6,3,0.040725965
101,59887,136,56,32,21,2,2,3,3,0.03534621
102,59888,852,57,32,21,2,5,2,2,0.05949485
103,59889,852,58,32,21,2,2,6,6,0.045393933
104,59890,136,59,32,21,1,1,5,10,0.015648913
105,59893,136,62,32,21,1,4,5,5,0.020305635
106,59894,136,63,32,21,3,1,7,1,0.009066524
107,59895,136,64,32,21,0,0,0,0,-1.0
108,59951,661,53,33,21,3,3,4,4,0.004019382
109,59952,661,54,33,21,1,4,5,5,0.016756237
110,59953,661,55,33,21,2,5,6,2,0.05342613
111,59954,661,56,33,21,2,2,6,6,0.04787737
112,59956,136,58,33,21,2,5,2,2,0.058096137
113,59959,978,61,33,21,1,1,1,1,0.0100715
114,59961,136,63,33,21,3,3,7,7,0.006293631
115,59962,136,64,33,21,0,0,0,0,-1.0
116,60018,661,53,34,21,3,3,4,9,0.00161629
117,60019,661,54,34,21,3,1,7,1,0.008837019
118,60020,661,55,34,21,2,2,6,3,0.04099463
119,60021,661,56,34,21,2,2,6,6,0.04496792
120,60022,978,57,34,21,2,2,3,12,0.031405527
121,60023,136,58,34,21,1,4,5,8,0.023857525
122,60026,978,61,34,21,3,3,7,4,0.00527958
123,60028,136,63,34,21,3,3,4,9,0.002517425
124,60029,1107,64,34,21,0,0,0,0,-1.0
125,60086,661,54,35,21,3,3,4,9,0.001514491
126,60087,661,55,35,21,3,1,1,1,0.009543445
127,60088,661,56,35,21,1,1,1,10,0.015087776
128,60089,978,57,35,21,3,3,7,7,0.00634162
129,60090,978,58,35,21,3,3,7,4,0.004949819
130,60091,978,59,35,21,3,1,7,7,0.007954675
131,60092,978,60,35,21,0,0,0,0,-1.0
132,60093,978,61,35,21,3,3,4,9,0.000880699
133,60157,978,58,36,21,3,3,4,9,0.000485305
134,62230,852,54,26,22,1,4,5,5,0.017753279
135,62238,852,62,26,22,1,4,5,5,0.018918486
136,62296,852,53,27,22,2,5,2,2,0.061848782
137,62297,852,54,27,22,1,4,5,5,0.016854258
138,62298,852,55,27,22,3,1,7,7,0.00767534
139,62302,852,59,27,22,3,1,7,7,0.007666179
140,62304,852,61,27,22,1,1,1,10,0.014390031
141,62305,852,62,27,22,1,1,1,10,0.014870731
142,62307,1098,64,27,22,0,0,0,0,-1.0
143,62363,852,53,28,22,1,4,3,12,0.02895001
144,62364,852,54,28,22,1,1,1,10,0.013966577
145,62365,852,55,28,22,1,1,1,1,0.00992668
146,62366,852,56,28,22,1,1,1,1,0.011045687
147,62368,852,58,28,22,3,3,7,7,0.005854412
148,62369,852,59,28,22,3,3,7,4,0.005353632
149,62370,852,60,28,22,0,0,0,0,-1.0
150,62371,852,61,28,22,1,1,1,10,0.012923847
151,62372,852,62,28,22,1,1,1,10,0.013555476
152,62373,1098,63,28,22,3,1,7,1,0.008773431
153,62374,1098,64,28,22,0,0,0,0,-1.0
154,62375,1098,65,28,22,0,0,0,0,-1.0
155,62430,136,53,29,22,3,1,7,7,0.007462265
156,62433,852,56,29,22,3,1,7,7,0.008426813
157,62434,852,57,29,22,1,1,1,1,0.010281705
158,62435,852,58,29,22,3,3,7,7,0.006896714
159,62436,852,59,29,22,3,3,7,7,0.005591154
160,62437,136,60,29,22,0,0,0,0,-1.0
161,62438,136,61,29,22,1,1,1,10,0.013780143
162,62439,136,62,29,22,1,4,5,8,0.02106283
163,62440,1098,63,29,22,1,1,1,10,0.013307745
164,62441,1098,64,29,22,0,0,0,0,-1.0
165,62442,1098,65,29,22,0,0,0,0,-1.0
166,62497,136,53,30,22,3,3,4,4,0.003140146
167,62498,852,54,30,22,1,1,1,10,0.014293979
168,62499,852,55,30,22,3,1,7,1,0.008819692
169,62500,852,56,30,22,3,1,7,7,0.00720712
170,62501,852,57,30,22,1,1,1,1,0.010355577
171,62502,852,58,30,22,1,1,1,1,0.011200154
172,62504,136,60,30,22,0,0,0,0,-1.0
173,62505,136,61,30,22,1,4,5,8,0.022288555
174,62506,136,62,30,22,2,2,3,3,0.03423088
175,62507,136,63,30,22,1,4,5,5,0.019555679
176,62508,136,64,30,22,0,0,0,0,-1.0
177,62509,1098,65,30,22,0,0,0,0,-1.0
178,62564,136,53,31,22,3,3,4,4,0.003970809
179,62565,136,54,31,22,1,4,5,5,0.019397635
180,62566,852,55,31,22,1,4,5,5,0.019539665
181,62567,136,56,31,22,1,1,1,10,0.015413065
182,62568,136,57,31,22,2,2,3,3,0.037900485
183,62569,136,58,31,22,1,4,3,12,0.027555974
184,62570,136,59,31,22,1,1,1,10,0.013943564
185,62572,136,61,31,22,1,4,5,8,0.0225089
186,62573,136,62,31,22,1,4,3,12,0.028697584
187,62574,136,63,31,22,1,1,1,10,0.015447916
188,62575,136,64,31,22,0,0,0,0,-1.0
189,62576,136,65,31,22,0,0,0,0,-1.0
190,62631,136,53,32,22,3,3,7,7,0.005539548
191,62632,136,54,32,22,1,4,5,8,0.023674503
192,62633,136,55,32,22,2,2,6,6,0.04382233
193,62634,136,56,32,22,2,5,6,6,0.048159674
194,62635,136,57,32,22,2,5,2,11,0.06524589
195,62636,136,58,32,22,2,2,6,6,0.0450434
196,62637,136,59,32,22,1,4,5,5,0.017429493
197,62638,136,60,32,22,0,0,0,0,-1.0
198,62640,1048,62,32,22,1,4,5,8,0.024242884
199,62641,136,63,32,22,1,1,1,1,0.010904887
200,62642,136,64,32,22,0,0,0,0,-1.0
201,62698,661,53,33,22,3,3,7,7,0.005929952
202,62699,661,54,33,22,1,4,5,8,0.02192067
203,62700,661,55,33,22,2,5,2,2,0.058480464
204,62701,661,56,33,22,2,5,2,2,0.0628234
205,62702,136,57,33,22,2,5,2,2,0.058221135
206,62703,939,58,33,22,2,5,6,6,0.05122891
207,62704,939,59,33,22,1,4,5,8,0.02370382
208,62705,939,60,33,22,0,0,0,0,-1.0
209,62709,1107,64,33,22,0,0,0,0,-1.0
210,62766,661,54,34,22,1,1,1,1,0.011835149
211,62767,661,55,34,22,2,2,6,6,0.04661692
212,62768,661,56,34,22,2,5,6,2,0.054639034
213,62769,978,57,34,22,2,2,3,3,0.035579596
214,62770,143,58,34,22,1,4,3,8,0.025445228
215,62772,143,60,34,22,0,0,0,0,-1.0
216,62775,1107,63,34,22,3,3,4,4,0.004567576
217,62836,978,57,35,22,1,1,1,1,0.011792681
218,62837,143,58,35,22,3,1,7,7,0.008454152
219,62838,978,59,35,22,1,1,1,10,0.013477107
220,62839,978,60,35,22,0,0,0,0,-1.0
221,62840,978,61,35,22,3,3,4,4,0.004380938
222,62903,978,57,36,22,3,3,4,9,0.002314481
223,62904,978,58,36,22,3,3,4,9,0.001853857
224,62905,978,59,36,22,3,3,4,9,0.002308767
225,62906,978,60,36,22,0,0,0,0,-1.0
226,62907,978,61,36,22,3,3,4,9,0.001238346
227,62971,978,58,37,22,3,3,4,9,0.000487916
228,64910,852,54,25,23,3,1,1,1,0.009690061
229,64977,852,54,26,23,1,1,1,1,0.011639903
230,64986,1098,63,26,23,1,1,1,1,0.011007247
231,65044,852,54,27,23,1,1,1,1,0.010567362
232,65045,852,55,27,23,3,1,7,7,0.007261973
233,65046,852,56,27,23,3,1,7,7,0.007624918
234,65051,852,61,27,23,1,1,1,10,0.014442334
235,65052,852,62,27,23,1,4,5,5,0.019454377
236,65053,1098,63,27,23,3,1,1,1,0.009512407
237,65054,1098,64,27,23,0,0,0,0,-1.0
238,65111,852,54,28,23,3,1,7,7,0.008482048
239,65112,852,55,28,23,3,1,7,1,0.009216579
240,65113,852,56,28,23,1,1,1,10,0.013573023
241,65114,852,57,28,23,1,1,1,1,0.011364684
242,65115,852,58,28,23,3,1,7,7,0.007825137
243,65116,852,59,28,23,3,3,4,4,0.004442448
244,65117,852,60,28,23,0,0,0,0,-1.0
245,65118,852,61,28,23,1,1,1,10,0.013809
246,65119,852,62,28,23,1,4,5,5,0.017780606
247,65120,1098,63,28,23,3,1,7,7,0.007832442
248,65121,1098,64,28,23,0,0,0,0,-1.0
249,65122,1098,65,28,23,0,0,0,0,-1.0
250,65177,136,53,29,23,3,3,7,7,0.006167146
251,65178,852,54,29,23,1,1,1,1,0.009827836
252,65179,852,55,29,23,3,1,7,7,0.008604416
253,65180,852,56,29,23,3,1,1,1,0.00944153
254,65181,852,57,29,23,3,1,7,1,0.009158093
255,65182,852,58,29,23,1,1,1,1,0.009882634
256,65183,852,59,29,23,3,3,7,4,0.005139116
257,65184,136,60,29,23,0,0,0,0,-1.0
258,65185,136,61,29,23,1,1,1,10,0.014617408
259,65186,136,62,29,23,1,4,5,5,0.018795354
260,65187,136,63,29,23,3,1,7,7,0.007593876
261,65188,136,64,29,23,0,0,0,0,-1.0
262,65189,1098,65,29,23,0,0,0,0,-1.0
263,65244,136,53,30,23,3,3,4,4,0.00303082
264,65245,136,54,30,23,1,1,1,10,0.015424748
265,65246,852,55,30,23,3,1,7,7,0.008424625
266,65247,136,56,30,23,3,1,7,7,0.007568756
267,65248,136,57,30,23,3,1,7,7,0.00715663
268,65249,136,58,30,23,1,1,1,10,0.01268422
269,65250,136,59,30,23,3,1,7,7,0.007693873
270,65251,136,60,30,23,0,0,0,0,-1.0
271,65252,136,61,30,23,1,1,1,10,0.015274818
272,65253,136,62,30,23,1,4,5,8,0.02189209
273,65254,136,63,30,23,1,1,1,1,0.010118975
274,65255,136,64,30,23,0,0,0,0,-1.0
275,65311,136,53,31,23,3,3,4,4,0.004281087
276,65312,136,54,31,23,1,4,5,5,0.019528523
277,65313,136,55,31,23,1,4,5,5,0.017141394
278,65314,136,56,31,23,1,1,1,10,0.014917108
279,65315,136,57,31,23,1,4,3,12,0.028966917
280,65316,136,58,31,23,1,4,5,5,0.020665769
281,65317,136,59,31,23,1,1,1,1,0.012065101
282,65319,136,61,31,23,1,4,5,5,0.017034877
283,65320,136,62,31,23,1,4,5,8,0.021999985
284,65321,136,63,31,23,1,1,1,1,0.009923829
285,65322,1107,64,31,23,0,0,0,0,-1.0
286,65379,136,54,32,23,1,4,5,8,0.022170777
287,65380,136,55,32,23,2,2,3,3,0.037913285
288,65381,136,56,32,23,2,5,6,6,0.052408107
289,65382,136,57,32,23,2,5,6,6,0.052586056
290,65383,136,58,32,23,1,4,3,12,0.028815934
291,65384,136,59,32,23,1,1,1,10,0.014420652
292,65385,1048,60,32,23,0,0,0,0,-1.0
293,65386,1048,61,32,23,1,4,5,5,0.020172816
294,65387,1107,62,32,23,1,4,3,12,0.025637945
295,65388,1107,63,32,23,1,1,1,1,0.009857742
296,65389,1107,64,32,23,0,0,0,0,-1.0
297,65445,661,53,33,23,3,3,4,4,0.004722513
298,65446,661,54,33,23,1,4,5,8,0.021446003
299,65447,661,55,33,23,2,5,2,2,0.05860624
300,65448,661,56,33,23,2,5,2,11,0.06888432
301,65449,136,57,33,23,2,5,6,6,0.05083206
302,65450,136,58,33,23,2,2,3,12,0.03088472
303,65451,978,59,33,23,1,4,5,5,0.019084759
304,65452,978,60,33,23,0,0,0,0,-1.0
305,65453,978,61,33,23,1,4,3,12,0.025518415
306,65454,1107,62,33,23,2,2,3,12,0.029742546
307,65455,1107,63,33,23,1,1,1,1,0.009999937
308,65456,1107,64,33,23,0,0,0,0,-1.0
309,65512,661,53,34,23,3,3,4,9,0.00237101
310,65513,661,54,34,23,1,1,1,10,0.012974122
311,65514,661,55,34,23,2,5,6,6,0.05033272
312,65515,661,56,34,23,2,5,2,2,0.056996256
313,65516,978,57,34,23,2,2,3,3,0.035561945
314,65517,1048,58,34,23,1,4,5,8,0.021450533
315,65518,978,59,34,23,1,4,5,8,0.024073198
316,65519,978,60,34,23,0,0,0,0,-1.0
317,65520,978,61,34,23,1,4,5,5,0.019917114
318,65522,1107,63,34,23,3,3,7,7,0.006753675
319,65523,1107,64,34,23,0,0,0,0,-1.0
320,65579,661,53,35,23,3,3,4,9,0.00074154
321,65580,661,54,35,23,3,3,4,4,0.004530451
322,65581,661,55,35,23,1,4,5,8,0.022873648
323,65582,978,56,35,23,1,4,5,8,0.023943702
324,65583,978,57,35,23,1,4,5,10,0.016050242
325,65584,978,58,35,23,1,1,1,1,0.0115812
326,65585,978,59,35,23,1,1,1,10,0.0143608
327,65586,978,60,35,23,0,0,0,0,-1.0
328,65647,661,54,36,23,3,3,4,9,0.001218109
329,65648,661,55,36,23,3,1,7,7,0.007072049
330,65649,978,56,36,23,3,3,4,4,0.004783039
331,65650,978,57,36,23,3,3,4,4,0.003948838
332,65651,978,58,36,23,3,3,4,4,0.004653042
333,65652,978,59,36,23,3,3,4,4,0.004757742
334,65718,978,58,37,23,3,3,4,9,0.001365413
335,65719,978,59,37,23,3,3,4,9,0.00123339
336,67657,852,54,25,24,3,3,7,7,0.005811189
337,67724,852,54,26,24,3,3,7,7,0.006337668
338,67792,852,55,27,24,3,3,7,7,0.006495724
339,67794,136,57,27,24,3,1,7,7,0.007382946
340,67797,852,60,27,24,0,0,0,0,-1.0
341,67798,852,61,27,24,1,1,1,1,0.010862184
342,67799,852,62,27,24,1,1,1,10,0.015224819
343,67800,1098,63,27,24,3,1,7,7,0.007103875
344,67801,1098,64,27,24,0,0,0,0,-1.0
345,67858,136,54,28,24,3,3,7,7,0.006109862
346,67859,852,55,28,24,3,3,7,7,0.0068542
347,67860,852,56,28,24,3,3,7,7,0.006021456
348,67861,136,57,28,24,3,3,7,7,0.006460626
349,67862,136,58,28,24,3,3,7,7,0.00686322
350,67863,136,59,28,24,3,3,7,7,0.006070478
351,67864,852,60,28,24,0,0,0,0,-1.0
352,67865,136,61,28,24,1,1,1,1,0.011283982
353,67866,136,62,28,24,1,4,5,10,0.01633708
354,67867,136,63,28,24,3,1,7,7,0.007083016
355,67868,136,64,28,24,0,0,0,0,-1.0
356,67869,1098,65,28,24,0,0,0,0,-1.0
357,67925,136,54,29,24,3,1,7,7,0.007994456
358,67926,136,55,29,24,3,3,4,4,0.004786563
359,67927,136,56,29,24,3,3,4,4,0.004474208
360,67928,136,57,29,24,3,3,7,7,0.005922031
361,67929,136,58,29,24,3,1,7,7,0.007926417
362,67930,136,59,29,24,3,3,4,4,0.004592416
363,67931,136,60,29,24,0,0,0,0,-1.0
364,67932,136,61,29,24,1,1,1,1,0.012014128
365,67933,136,62,29,24,1,4,5,5,0.017216614
366,67934,136,63,29,24,3,1,7,7,0.007567011
367,67935,136,64,29,24,0,0,0,0,-1.0
368,67992,136,54,30,24,1,1,1,1,0.012554827
369,67993,136,55,30,24,3,3,7,7,0.006723199
370,67994,136,56,30,24,3,3,7,7,0.00684019
371,67995,136,57,30,24,3,3,7,4,0.004873147
372,67996,136,58,30,24,3,1,7,1,0.009300823
373,67997,136,59,30,24,3,3,7,4,0.005140104
374,67998,1048,60,30,24,0,0,0,0,-1.0
375,67999,136,61,30,24,1,1,1,1,0.01148554
376,68000,1107,62,30,24,1,4,5,5,0.017590245
377,68001,1107,63,30,24,3,1,7,7,0.007938872
378,68002,1107,64,30,24,0,0,0,0,-1.0
379,68060,136,55,31,24,1,1,1,10,0.013668621
380,68061,136,56,31,24,1,4,5,5,0.01677954
381,68062,136,57,31,24,1,1,1,10,0.013770229
382,68063,1048,58,31,24,1,1,1,1,0.011098561
383,68064,1048,59,31,24,3,1,7,7,0.007758667
384,68065,1048,60,31,24,0,0,0,0,-1.0
385,68066,1048,61,31,24,1,4,5,10,0.016376378
386,68067,1107,62,31,24,1,4,5,8,0.022036674
387,68068,1107,63,31,24,3,1,7,7,0.008604378
388,68069,1107,64,31,24,0,0,0,0,-1.0
389,68126,136,54,32,24,1,4,5,5,0.0196802
390,68127,136,55,32,24,1,4,3,12,0.028846951
391,68128,136,56,32,24,2,5,6,6,0.04939557
392,68129,136,57,32,24,2,2,3,12,0.03040548
393,68130,1048,58,32,24,1,1,1,10,0.01508547
394,68131,1048,59,32,24,3,1,1,1,0.009678956
395,68132,1048,60,32,24,0,0,0,0,-1.0
396,68133,1048,61,32,24,1,4,5,8,0.022898184
397,68134,1107,62,32,24,1,4,3,12,0.026970247
398,68135,1107,63,32,24,3,1,7,1,0.009130236
399,68136,1107,64,32,24,0,0,0,0,-1.0
400,68193,661,54,33,24,1,4,5,5,0.020283366
401,68194,136,55,33,24,2,5,6,2,0.053829614
402,68195,1048,56,33,24,2,5,2,11,0.07296985
403,68196,1048,57,33,24,2,2,6,6,0.042680267
404,68197,1048,58,33,24,1,4,5,5,0.01896056
405,68198,1048,59,33,24,1,1,1,10,0.012848185
406,68200,1048,61,33,24,1,4,5,8,0.02232128
407,68201,1107,62,33,24,2,2,3,12,0.029895587
408,68202,1107,63,33,24,3,1,7,1,0.009175419
409,68203,1107,64,33,24,0,0,0,0,-1.0
410,68260,661,54,34,24,1,1,1,10,0.014112141
411,68261,661,55,34,24,2,5,6,6,0.050870243
412,68262,978,56,34,24,2,5,2,11,0.06957724
413,68263,1048,57,34,24,2,2,3,3,0.035725195
414,68264,1048,58,34,24,1,4,5,5,0.018468456
415,68265,1048,59,34,24,1,4,5,10,0.015905457
416,68268,1107,62,34,24,1,4,3,12,0.026210962
417,68269,1107,63,34,24,3,1,7,7,0.00772349
418,68327,661,54,35,24,3,3,7,7,0.00635028
419,68328,661,55,35,24,1,4,3,12,0.026644347
420,68329,978,56,35,24,2,2,3,3,0.03324313
421,68330,978,57,35,24,1,4,5,5,0.018398436
422,68331,978,58,35,24,1,1,1,10,0.012962941
423,68332,307,59,35,24,1,1,1,1,0.011398538
424,68336,1107,63,35,24,3,3,4,4,0.00411645
425,68393,307,53,36,24,3,3,4,9,0.000167245
426,68394,661,54,36,24,3,3,4,9,0.001644832
427,68396,978,56,36,24,3,1,7,1,0.009166192
428,68397,978,57,36,24,3,3,7,4,0.005214945
429,68398,978,58,36,24,3,3,7,7,0.006310672
430,68399,307,59,36,24,3,3,7,4,0.005370595
431,68465,978,58,37,24,3,3,4,9,0.001953477
432,70538,136,54,27,25,3,3,4,9,0.002660217
433,70541,136,57,27,25,3,3,4,4,0.004770432
434,70542,136,58,27,25,3,3,7,7,0.006925892
435,70543,136,59,27,25,1,1,1,1,0.010592
436,70544,136,60,27,25,0,0,0,0,-1.0
437,70545,136,61,27,25,1,1,1,1,0.010847814
438,70546,136,62,27,25,1,1,1,1,0.010494647
439,70547,136,63,27,25,3,3,7,7,0.006367777
440,70548,136,64,27,25,0,0,0,0,-1.0
441,70605,136,54,28,25,3,3,4,4,0.004813
442,70608,136,57,28,25,3,3,4,4,0.004247764
443,70609,1048,58,28,25,3,3,7,7,0.005734687
444,70610,136,59,28,25,3,3,7,7,0.006659773
445,70611,136,60,28,25,0,0,0,0,-1.0
446,70612,136,61,28,25,3,1,7,1,0.008802573
447,70613,136,62,28,25,1,1,1,10,0.01362066
448,70614,136,63,28,25,3,3,7,7,0.006554275
449,70615,136,64,28,25,0,0,0,0,-1.0
450,70672,136,54,29,25,3,3,7,7,0.006198541
451,70673,136,55,29,25,3,3,4,9,0.002209308
452,70674,1048,56,29,25,3,3,4,9,0.002165551
453,70675,136,57,29,25,3,3,4,4,0.004140997
454,70676,1048,58,29,25,3,3,7,4,0.005308508
455,70677,136,59,29,25,3,3,4,4,0.003704154
456,70678,1048,60,29,25,0,0,0,0,-1.0
457,70679,1048,61,29,25,3,1,7,7,0.00777819
458,70680,1107,62,29,25,1,4,5,10,0.015780807
459,70681,1107,63,29,25,3,1,7,7,0.007276507
460,70682,1107,64,29,25,0,0,0,0,-1.0
461,70739,136,54,30,25,3,1,7,7,0.007409308
462,70740,136,55,30,25,3,3,4,4,0.003277158
463,70741,136,56,30,25,3,3,4,4,0.004471873
464,70742,1048,57,30,25,3,3,4,4,0.00383924
465,70743,1048,58,30,25,3,3,7,4,0.005180826
466,70744,1048,59,30,25,3,3,4,9,0.002778071
467,70745,1048,60,30,25,0,0,0,0,-1.0
468,70746,1048,61,30,25,3,1,1,1,0.009782111
469,70747,1107,62,30,25,1,4,5,5,0.017819615
470,70748,1107,63,30,25,3,1,7,7,0.00748949
471,70749,1107,64,30,25,0,0,0,0,-1.0
472,70806,1048,54,31,25,1,1,1,1,0.012471112
473,70807,136,55,31,25,3,3,7,7,0.007022626
474,70808,1048,56,31,25,1,1,1,1,0.012052226
475,70809,1048,57,31,25,3,3,7,7,0.006307582
476,70810,1048,58,31,25,3,3,7,4,0.005417957
477,70811,1048,59,31,25,3,3,4,4,0.004350032
478,70812,1048,60,31,25,0,0,0,0,-1.0
479,70813,1048,61,31,25,1,1,1,10,0.015282397
480,70814,1107,62,31,25,1,4,5,8,0.023767209
481,70815,1107,63,31,25,3,1,7,7,0.008295354
482,70816,1107,64,31,25,0,0,0,0,-1.0
483,70873,1048,54,32,25,1,4,5,10,0.015923398
484,70874,136,55,32,25,1,1,1,10,0.015155318
485,70875,1048,56,32,25,2,2,3,3,0.032886125
486,70876,1048,57,32,25,1,1,5,10,0.015696062
487,70877,1048,58,32,25,3,1,7,1,0.009293567
488,70878,1048,59,32,25,3,3,7,7,0.006461524
489,70879,1048,60,32,25,0,0,0,0,-1.0
490,70880,1048,61,32,25,1,4,5,5,0.020635284
491,70881,1107,62,32,25,1,4,3,12,0.026184143
492,70882,1107,63,32,25,3,1,7,7,0.008124576
493,70883,1107,64,32,25,0,0,0,0,-1.0
494,70940,1048,54,33,25,1,4,5,5,0.016988391
495,70941,1048,55,33,25,2,2,3,12,0.029585276
496,70942,1048,56,33,25,2,5,6,6,0.05282402
497,70943,1048,57,33,25,1,4,3,12,0.028560521
498,70944,1048,58,33,25,1,1,1,10,0.01516543
499,70945,1048,59,33,25,3,1,7,1,0.008956683
500,70947,1048,61,33,25,1,4,5,5,0.018588947
501,70948,1107,62,33,25,1,4,3,12,0.02666445
502,70949,1107,63,33,25,3,1,7,7,0.007657793
503,70950,1107,64,33,25,0,0,0,0,-1.0
504,71006,307,53,34,25,3,3,4,9,0.00152633
505,71007,1048,54,34,25,1,1,1,10,0.012645097
506,71008,978,55,34,25,2,2,3,12,0.030228019
507,71009,1048,56,34,25,2,5,2,2,0.056424793
508,71010,978,57,34,25,1,4,3,12,0.026928373
509,71011,1048,58,34,25,1,4,5,5,0.017014768
510,71012,307,59,34,25,1,1,1,1,0.010292204
511,71014,1048,61,34,25,1,4,5,10,0.015926216
512,71015,1107,62,34,25,1,4,3,12,0.02761043
513,71073,307,53,35,25,3,3,4,9,0.000761596
514,71075,978,55,35,25,1,4,5,5,0.017451227
515,71077,978,57,35,25,1,1,1,10,0.015122946
516,71078,307,58,35,25,1,1,1,1,0.012269998
517,71079,307,59,35,25,3,1,7,7,0.007754938
518,71080,307,60,35,25,0,0,0,0,-1.0
519,71142,978,55,36,25,3,3,7,7,0.00581715
520,71145,307,58,36,25,3,3,7,7,0.005610137
521,73224,136,60,26,26,0,0,0,0,-1.0
522,73288,970,57,27,26,3,3,4,4,0.003998709
523,73289,970,58,27,26,3,3,7,4,0.00517413
524,73290,136,59,27,26,3,3,7,7,0.007001508
525,73291,136,60,27,26,0,0,0,0,-1.0
526,73292,136,61,27,26,1,1,1,1,0.010786267
527,73352,1048,54,28,26,3,3,4,4,0.003629223
528,73353,1048,55,28,26,1,1,1,10,0.014009474
529,73354,1048,56,28,26,3,3,4,4,0.004520529
530,73355,970,57,28,26,3,3,4,4,0.00450147
531,73356,1048,58,28,26,3,3,7,7,0.006998665
532,73357,1048,59,28,26,3,3,4,4,0.004524206
533,73358,1048,60,28,26,0,0,0,0,-1.0
534,73359,1048,61,28,26,3,3,7,7,0.006899186
535,73360,773,62,28,26,1,1,1,10,0.013300596
536,73361,1107,63,28,26,3,3,7,7,0.006514004
537,73362,1107,64,28,26,0,0,0,0,-1.0
538,73419,1048,54,29,26,3,3,4,9,0.002838443
539,73420,1048,55,29,26,3,3,4,9,0.001683335
540,73421,1048,56,29,26,3,3,4,9,0.001628513
541,73422,1048,57,29,26,3,3,4,4,0.004395511
542,73423,1048,58,29,26,3,3,7,7,0.00692666
543,73424,1048,59,29,26,3,3,4,4,0.003297812
544,73425,1048,60,29,26,0,0,0,0,-1.0
545,73426,1048,61,29,26,3,3,4,4,0.004719462
546,73427,1107,62,29,26,1,1,1,10,0.013619322
547,73428,1107,63,29,26,3,3,7,4,0.004949858
548,73429,1107,64,29,26,0,0,0,0,-1.0
549,73486,1048,54,30,26,3,3,4,4,0.003642865
550,73487,1048,55,30,26,3,3,4,9,0.001526025
551,73488,1048,56,30,26,3,3,4,9,0.001701276
552,73489,1048,57,30,26,3,3,4,4,0.003326857
553,73490,1048,58,30,26,3,3,7,7,0.005716052
554,73491,1048,59,30,26,3,3,4,9,0.002834766
555,73492,1048,60,30,26,0,0,0,0,-1.0
556,73493,1048,61,30,26,3,1,7,7,0.007933213
557,73494,1107,62,30,26,1,1,1,10,0.014280461
558,73495,1107,63,30,26,3,3,7,4,0.004951894
559,73496,1107,64,30,26,0,0,0,0,-1.0
560,73553,1048,54,31,26,3,1,7,7,0.007163925
561,73554,1048,55,31,26,3,3,4,9,0.00266283
562,73555,1048,56,31,26,3,3,4,4,0.004311394
563,73556,1048,57,31,26,3,3,4,4,0.003289953
564,73557,1048,58,31,26,3,3,7,4,0.00532974
565,73558,1048,59,31,26,3,3,4,4,0.003932838
566,73559,1048,60,31,26,0,0,0,0,-1.0
567,73560,1048,61,31,26,1,1,1,1,0.01238794
568,73561,1107,62,31,26,1,4,5,5,0.019803379
569,73562,1107,63,31,26,3,3,7,7,0.005947399
570,73563,1107,64,31,26,0,0,0,0,-1.0
571,73620,1048,54,32,26,3,1,1,1,0.00952299
572,73621,1048,55,32,26,3,3,7,4,0.005137501
573,73622,1048,56,32,26,1,1,1,1,0.01202435
574,73623,1048,57,32,26,3,1,7,7,0.007308313
575,73624,1048,58,32,26,3,1,7,7,0.008268217
576,73625,1048,59,32,26,3,3,7,7,0.006511665
577,73626,1048,60,32,26,0,0,0,0,-1.0
578,73627,1048,61,32,26,1,4,5,10,0.016259205
579,73628,1107,62,32,26,1,4,5,8,0.021939272
580,73629,1107,63,32,26,3,3,7,7,0.006030415
581,73630,1107,64,32,26,0,0,0,0,-1.0
582,73686,307,53,33,26,3,3,4,9,0.001329098
583,73687,1048,54,33,26,3,1,1,1,0.009772166
584,73688,1048,55,33,26,3,1,7,7,0.00860723
585,73689,1048,56,33,26,1,4,5,5,0.020357704
586,73690,1048,57,33,26,1,1,1,10,0.014004867
587,73691,1048,58,33,26,1,1,1,10,0.013750113
588,73692,1048,59,33,26,3,1,7,1,0.009054947
589,73693,1048,60,33,26,0,0,0,0,-1.0
590,73695,1107,62,33,26,1,4,5,8,0.02337708
591,73753,307,53,34,26,3,3,4,9,0.000875871
592,73754,307,54,34,26,3,1,7,7,0.007068403
593,73755,307,55,34,26,3,1,7,1,0.009087662
594,73756,1048,56,34,26,1,4,5,8,0.023494717
595,73757,1048,57,34,26,1,1,1,10,0.013866541
596,73758,1048,58,34,26,1,4,5,10,0.016650533
597,73759,307,59,34,26,3,1,1,1,0.00964446
598,73760,1048,60,34,26,0,0,0,0,-1.0
599,73821,307,54,35,26,3,3,4,4,0.003516543
600,73822,307,55,35,26,3,3,7,7,0.005926448
601,73823,307,56,35,26,1,4,5,10,0.016053528
602,73824,307,57,35,26,3,1,7,7,0.008435248
603,73825,307,58,35,26,1,1,1,1,0.01093819
604,73826,307,59,35,26,3,3,7,7,0.006582649
605,73827,307,60,35,26,0,0,0,0,-1.0
606,73889,307,55,36,26,3,3,4,9,0.002099828
607,73891,307,57,36,26,3,3,4,4,0.002888816
608,73892,307,58,36,26,3,3,4,4,0.003903031
609,75971,773,60,26,27,0,0,0,0,-1.0
610,76033,970,55,27,27,1,4,3,12,0.026843833
611,76034,970,56,27,27,3,3,4,4,0.004584425
612,76035,970,57,27,27,3,3,4,4,0.004798579
613,76036,970,58,27,27,3,3,4,4,0.003726858
614,76037,970,59,27,27,3,3,7,4,0.004960688
615,76039,773,61,27,27,3,1,7,1,0.008897536
616,76040,773,62,27,27,1,1,1,10,0.014147673
617,76099,1048,54,28,27,3,3,4,4,0.003470263
618,76100,1048,55,28,27,1,4,5,5,0.020329727
619,76101,970,56,28,27,3,3,4,4,0.004163685
620,76102,970,57,28,27,3,3,7,7,0.005821135
621,76103,970,58,28,27,3,3,7,7,0.005699281
622,76104,1048,59,28,27,3,3,4,4,0.003079041
623,76105,1048,60,28,27,0,0,0,0,-1.0
624,76106,773,61,28,27,3,3,7,7,0.005786358
625,76107,773,62,28,27,1,1,1,10,0.013153724
626,76108,773,63,28,27,3,3,7,7,0.006755771
627,76109,773,64,28,27,0,0,0,0,-1.0
628,76166,1048,54,29,27,3,3,4,9,0.001141714
629,76167,1048,55,29,27,3,3,4,9,0.001920476
630,76168,1048,56,29,27,3,3,4,9,0.001274075
631,76169,1048,57,29,27,3,3,7,7,0.005483653
632,76170,1048,58,29,27,3,3,7,7,0.00663276
633,76171,1048,59,29,27,3,3,4,9,0.002616014
634,76172,1048,60,29,27,0,0,0,0,-1.0
635,76173,1048,61,29,27,3,3,4,4,0.004670217
636,76174,773,62,29,27,1,1,1,10,0.012977649
637,76175,773,63,29,27,3,3,4,4,0.004216994
638,76176,773,64,29,27,0,0,0,0,-1.0
639,76233,1048,54,30,27,3,3,4,9,0.001864656
640,76234,1048,55,30,27,3,3,4,9,0.001509993
641,76235,1048,56,30,27,3,3,4,9,0.000733875
642,76236,1048,57,30,27,3,3,4,4,0.00296331
643,76237,1048,58,30,27,3,3,7,7,0.006388204
644,76238,1048,59,30,27,3,3,4,4,0.002971492
645,76239,1048,60,30,27,0,0,0,0,-1.0
646,76240,1048,61,30,27,3,3,7,7,0.006839148
647,76241,1107,62,30,27,1,1,1,10,0.013713952
648,76242,1107,63,30,27,3,3,7,4,0.005203272
649,76243,1107,64,30,27,0,0,0,0,-1.0
650,76300,1048,54,31,27,3,3,4,4,0.003898301
651,76301,1048,55,31,27,3,3,4,9,0.001721149
652,76302,1048,56,31,27,3,3,4,9,0.001053379
653,76303,1048,57,31,27,3,3,4,9,0.001994853
654,76304,1048,58,31,27,3,3,7,7,0.006053991
655,76305,1048,59,31,27,3,3,4,4,0.004240615
656,76306,1048,60,31,27,0,0,0,0,-1.0
657,76308,1107,62,31,27,1,4,5,10,0.016186854
658,76309,1107,63,31,27,3,3,7,4,0.005251845
659,76367,1048,54,32,27,3,3,7,4,0.004893767
660,76368,1048,55,32,27,3,3,4,9,0.002076276
661,76369,1048,56,32,27,3,3,4,9,0.002609509
662,76370,1048,57,32,27,3,3,4,4,0.003449234
663,76371,1048,58,32,27,3,1,7,7,0.007849154
664,76373,1048,60,32,27,0,0,0,0,-1.0
665,76375,1107,62,32,27,1,4,5,5,0.018259607
666,76433,307,53,33,27,3,3,4,9,0.000826554
667,76434,1048,54,33,27,3,3,4,4,0.004271899
668,76435,1048,55,33,27,3,3,4,9,0.002198733
669,76436,1048,56,33,27,3,3,4,4,0.004188253
670,76437,1048,57,33,27,3,3,7,7,0.006401048
671,76438,1048,58,33,27,1,1,1,1,0.012290929
672,76439,1048,59,33,27,3,1,7,7,0.008531502
673,76440,1048,60,33,27,0,0,0,0,-1.0
674,76500,307,53,34,27,3,3,4,9,0.000360927
675,76501,307,54,34,27,3,3,4,9,0.002457447
676,76502,307,55,34,27,3,3,4,4,0.002852736
677,76503,1048,56,34,27,3,3,7,7,0.005515674
678,76504,1048,57,34,27,3,3,7,7,0.006281973
679,76505,1048,58,34,27,1,1,1,10,0.015403226
680,76506,307,59,34,27,3,1,1,1,0.00941632
681,76568,307,54,35,27,3,3,4,9,0.001053348
682,76569,307,55,35,27,3,3,4,9,0.00276101
683,76570,307,56,35,27,3,3,7,7,0.005922047
684,76571,307,57,35,27,3,3,4,4,0.003927881
685,76572,307,58,35,27,3,1,7,1,0.009264096
686,76636,307,55,36,27,3,3,4,9,0.001216397
687,78714,970,56,26,28,3,3,4,9,0.002163271
688,78718,773,60,26,28,0,0,0,0,-1.0
689,78780,970,55,27,28,1,1,1,1,0.012505907
690,78783,970,58,27,28,3,3,4,9,0.002261634
691,78784,970,59,27,28,3,3,4,4,0.003907502
692,78785,773,60,27,28,0,0,0,0,-1.0
693,78786,773,61,27,28,3,1,7,1,0.008905232
694,78787,773,62,27,28,1,4,5,5,0.018875666
695,78846,1048,54,28,28,3,3,4,9,0.001781763
696,78847,1048,55,28,28,1,1,1,1,0.009844301
697,78852,1048,60,28,28,0,0,0,0,-1.0
698,78853,773,61,28,28,3,3,7,7,0.005481117
699,78854,773,62,28,28,1,1,1,10,0.012808239
700,78855,773,63,28,28,3,1,7,7,0.007324661
701,78913,1048,54,29,28,3,3,4,9,0.000649854
702,78914,1048,55,29,28,3,3,4,9,0.001437277
703,78916,1048,57,29,28,3,3,4,4,0.003703892
704,78920,1048,61,29,28,3,3,7,7,0.005470474
705,78921,773,62,29,28,1,1,1,10,0.013716802
706,78922,773,63,29,28,3,3,4,4,0.004382456
707,78923,773,64,29,28,0,0,0,0,-1.0
708,78980,1048,54,30,28,3,3,4,9,0.001457935
709,78981,1048,55,30,28,3,3,4,9,0.002233333
710,78983,1048,57,30,28,3,3,4,9,0.002400334
711,78989,773,63,30,28,3,3,7,7,0.006295241
712,78990,773,64,30,28,0,0,0,0,-1.0
713,79047,1048,54,31,28,3,3,4,4,0.002946072
714,79048,1048,55,31,28,3,3,4,9,0.002458948
715,79114,1048,54,32,28,3,3,4,4,0.003594209
716,79115,1048,55,32,28,3,3,4,9,0.002072868
717,79181,307,54,33,28,3,3,4,4,0.002882817
718,79182,1048,55,33,28,3,3,4,9,0.001598662
719,79183,1048,56,33,28,3,3,4,9,0.001623281
720,79185,1048,58,33,28,1,1,1,1,0.010162617
721,79247,307,53,34,28,3,3,4,9,0.000237281
722,79248,307,54,34,28,3,3,4,9,0.001303959
723,79249,1048,55,34,28,3,3,4,9,0.002778754
724,79253,1048,59,34,28,3,3,7,7,0.006534027
725,79315,307,54,35,28,3,3,4,9,0.000546215
726,79316,307,55,35,28,3,3,4,4,0.00330142
727,79317,307,56,35,28,3,3,4,9,0.002676342
728,79318,307,57,35,28,3,3,4,9,0.002019397
729,79319,307,58,35,28,3,1,7,7,0.007652789
730,79382,307,54,36,28,3,3,4,9,0.000283261
731,79385,307,57,36,28,3,3,4,9,0.000747087
732,81461,970,56,26,29,3,3,4,9,0.001345836
733,81465,773,60,26,29,0,0,0,0,-1.0
734,81527,970,55,27,29,3,3,7,7,0.005523961
735,81529,970,57,27,29,3,3,4,9,0.001885099
736,81530,970,58,27,29,3,3,4,9,0.001345911
737,81531,970,59,27,29,3,3,4,4,0.003334579
738,81532,773,60,27,29,0,0,0,0,-1.0
739,81533,773,61,27,29,3,1,1,1,0.009392548
740,81534,773,62,27,29,1,4,5,5,0.018617041
741,81593,1048,54,28,29,3,3,4,9,0.001041283
742,81594,1048,55,28,29,3,3,4,4,0.004102275
743,81599,773,60,28,29,0,0,0,0,-1.0
744,81600,773,61,28,29,3,3,7,7,0.006113817
745,81601,773,62,28,29,1,1,1,1,0.011829988
746,81602,773,63,28,29,3,1,7,7,0.00806525
747,81603,773,64,28,29,0,0,0,0,-1.0
748,81660,1048,54,29,29,3,3,4,9,0.001149444
749,81661,1048,55,29,29,3,3,4,9,0.001356832
750,81663,1048,57,29,29,3,3,4,9,0.002196505
751,81667,1048,61,29,29,3,3,7,7,0.006869876
752,81668,773,62,29,29,1,1,1,10,0.014992894
753,81669,773,63,29,29,3,3,4,4,0.004325577
754,81670,773,64,29,29,0,0,0,0,-1.0
755,81727,1048,54,30,29,3,3,4,9,0.002501706
756,81728,1048,55,30,29,3,3,4,9,0.002436369
757,81730,1048,57,30,29,3,3,4,9,0.002217
758,81732,1048,59,30,29,3,3,4,4,0.003669024
759,81736,773,63,30,29,3,3,7,7,0.005887431
760,81737,773,64,30,29,0,0,0,0,-1.0
761,81794,1048,54,31,29,3,3,4,4,0.004251551
762,81795,1048,55,31,29,3,3,4,9,0.002679704
763,81800,1048,60,31,29,0,0,0,0,-1.0
764,81861,1048,54,32,29,3,3,7,7,0.005921528
765,81862,1048,55,32,29,3,3,4,9,0.002390386
766,81863,1048,56,32,29,3,3,4,9,0.00151848
767,81928,307,54,33,29,3,3,7,4,0.005166821
768,81929,1048,55,33,29,3,3,4,9,0.00225071
769,81930,1048,56,33,29,3,3,4,9,0.001264066
770,81932,1048,58,33,29,3,1,1,1,0.009366349
771,81994,307,53,34,29,3,3,4,9,0.000489253
772,81995,307,54,34,29,3,3,4,9,0.001946169
773,81996,1048,55,34,29,3,3,4,4,0.003480291
774,81999,1048,58,34,29,1,1,1,1,0.010749511
775,82000,1048,59,34,29,3,3,4,4,0.004280459
776,82062,307,54,35,29,3,3,4,9,0.000635649
777,82063,307,55,35,29,3,3,4,4,0.004034276
778,82064,307,56,35,29,3,3,4,9,0.00273208
779,82065,307,57,35,29,3,3,4,9,0.001719651
780,82066,307,58,35,29,3,1,7,7,0.007062529
781,84212,773,60,26,30,0,0,0,0,-1.0
782,84274,970,55,27,30,3,3,7,7,0.006924349
783,84275,970,56,27,30,3,3,4,9,0.001987979
784,84276,970,57,27,30,3,3,4,4,0.003194425
785,84277,970,58,27,30,3,3,4,9,0.001672378
786,84278,970,59,27,30,3,3,4,4,0.004076087
787,84280,773,61,27,30,1,1,1,1,0.010407678
788,84281,773,62,27,30,1,1,1,10,0.015338578
789,84340,1048,54,28,30,3,3,4,9,0.001732686
790,84341,1048,55,28,30,3,3,4,4,0.004646064
791,84342,970,56,28,30,3,3,4,9,0.001202303
792,84343,970,57,28,30,3,3,4,9,0.002231387
793,84344,970,58,28,30,3,3,4,9,0.001915479
794,84345,1048,59,28,30,3,3,4,9,0.001935973
795,84346,1048,60,28,30,0,0,0,0,-1.0
796,84347,773,61,28,30,3,1,7,1,0.008762122
797,84348,773,62,28,30,1,1,1,1,0.011567916
798,84349,773,63,28,30,3,1,7,7,0.007106304
799,84350,773,64,28,30,0,0,0,0,-1.0
800,84407,1048,54,29,30,3,3,4,9,0.002041257
801,84408,1048,55,29,30,3,3,4,9,0.001572018
802,84409,1048,56,29,30,3,3,4,9,0.001018993
803,84410,1048,57,29,30,3,3,4,9,0.002040589
804,84411,1048,58,29,30,3,3,4,4,0.004357314
805,84412,1048,59,29,30,3,3,4,9,0.00223162
806,84413,1048,60,29,30,0,0,0,0,-1.0
807,84414,1048,61,29,30,1,1,1,1,0.00982004
808,84415,773,62,29,30,1,4,5,5,0.018150527
809,84416,773,63,29,30,3,3,7,7,0.005599373
810,84417,773,64,29,30,0,0,0,0,-1.0
811,84474,1048,54,30,30,3,3,4,4,0.003652365
812,84475,1048,55,30,30,3,3,4,9,0.001953413
813,84476,1048,56,30,30,3,3,4,9,0.001229182
814,84477,1048,57,30,30,3,3,4,9,0.002319814
815,84478,1048,58,30,30,3,3,7,7,0.005930874
816,84479,1048,59,30,30,3,3,4,4,0.003767134
817,84480,1048,60,30,30,0,0,0,0,-1.0
818,84481,1048,61,30,30,3,1,7,1,0.008956258
819,84482,1107,62,30,30,1,4,5,8,0.023962114
820,84483,1107,63,30,30,3,3,7,7,0.00691857
821,84484,1107,64,30,30,0,0,0,0,-1.0
822,84541,1048,54,31,30,3,3,7,7,0.005521758
823,84542,1048,55,31,30,3,3,4,9,0.001968206
824,84543,1048,56,31,30,3,3,4,9,0.001338753
825,84544,1048,57,31,30,3,3,4,9,0.001995853
826,84545,1048,58,31,30,3,3,4,4,0.004507782
827,84546,1048,59,31,30,3,3,7,4,0.005190574
828,84547,1048,60,31,30,0,0,0,0,-1.0
829,84549,1107,62,31,30,1,4,5,5,0.020573491
830,84550,1107,63,31,30,3,3,7,7,0.005483634
831,84608,1048,54,32,30,3,1,7,7,0.007986829
832,84609,1048,55,32,30,3,3,4,9,0.00221854
833,84610,1048,56,32,30,3,3,4,9,0.001573979
834,84611,1048,57,32,30,3,3,4,9,0.002692872
835,84612,1048,58,32,30,3,3,7,7,0.00600568
836,84614,1048,60,32,30,0,0,0,0,-1.0
837,84616,1107,62,32,30,1,4,5,8,0.021567823
838,84674,307,53,33,30,3,3,4,9,0.002029375
839,84675,1048,54,33,30,3,1,7,7,0.007117687
840,84676,1048,55,33,30,3,3,4,9,0.00260849
841,84677,1048,56,33,30,3,3,4,9,0.001289197
842,84678,1048,57,33,30,3,3,4,4,0.00323898
843,84679,1048,58,33,30,3,1,7,1,0.009038732
844,84680,1048,59,33,30,3,3,7,4,0.005142486
845,84681,1048,60,33,30,0,0,0,0,-1.0
846,84741,307,53,34,30,3,3,4,9,0.000907178
847,84742,307,54,34,30,3,3,4,9,0.002625121
848,84743,307,55,34,30,3,3,4,4,0.002980051
849,84744,1048,56,34,30,3,3,4,9,0.001625088
850,84745,1048,57,34,30,3,3,4,9,0.002472864
851,84746,1048,58,34,30,1,1,1,1,0.010207552
852,84747,307,59,34,30,3,3,4,4,0.00410453
853,84809,307,54,35,30,3,3,4,9,0.000688263
854,84810,307,55,35,30,3,3,4,9,0.002735499
855,84811,307,56,35,30,3,3,4,9,0.00230636
856,84812,307,57,35,30,3,3,4,9,0.001556767
857,84813,307,58,35,30,3,1,7,7,0.007541332
858,84877,307,55,36,30,3,3,4,9,0.001641413
859,86959,136,60,26,31,0,0,0,0,-1.0
860,87020,1048,54,27,31,3,3,4,4,0.004545883
861,87023,970,57,27,31,3,3,4,4,0.003046617
862,87024,970,58,27,31,3,3,4,9,0.002830788
863,87025,136,59,27,31,3,3,7,7,0.006132604
864,87026,136,60,27,31,0,0,0,0,-1.0
865,87027,136,61,27,31,1,1,1,1,0.011144924
866,87028,136,62,27,31,1,1,1,1,0.01229426
867,87029,136,63,27,31,1,1,1,1,0.010699088
868,87087,1048,54,28,31,3,3,4,4,0.003306405
869,87088,1048,55,28,31,3,1,1,1,0.009704477
870,87089,1048,56,28,31,3,3,4,9,0.0019593
871,87090,1048,57,28,31,3,3,4,9,0.002234076
872,87091,1048,58,28,31,3,3,4,9,0.002349742
873,87092,1048,59,28,31,3,3,4,4,0.004004126
874,87093,1048,60,28,31,0,0,0,0,-1.0
875,87094,1048,61,28,31,1,1,1,1,0.010070424
876,87095,773,62,28,31,1,1,1,1,0.012515483
877,87096,1107,63,28,31,3,3,7,7,0.00610203
878,87097,1107,64,28,31,0,0,0,0,-1.0
879,87154,1048,54,29,31,3,3,4,4,0.002865667
880,87155,1048,55,29,31,3,3,4,9,0.001982778
881,87156,1048,56,29,31,3,3,4,9,0.001267682
882,87157,1048,57,29,31,3,3,4,9,0.002231577
883,87158,1048,58,29,31,3,3,4,4,0.003377514
884,87159,1048,59,29,31,3,3,4,4,0.003566168
885,87160,1048,60,29,31,0,0,0,0,-1.0
886,87161,1048,61,29,31,1,1,1,1,0.011266793
887,87162,1107,62,29,31,1,4,5,8,0.02198646
888,87163,1107,63,29,31,3,1,7,7,0.007337309
889,87164,1107,64,29,31,0,0,0,0,-1.0
890,87221,1048,54,30,31,3,3,4,4,0.004287078
891,87222,1048,55,30,31,3,3,4,9,0.001750075
892,87223,1048,56,30,31,3,3,4,9,0.001435806
893,87224,1048,57,30,31,3,3,4,9,0.002522449
894,87225,1048,58,30,31,3,3,4,4,0.00391598
895,87226,1048,59,30,31,3,3,4,4,0.004339677
896,87227,1048,60,30,31,0,0,0,0,-1.0
897,87228,1048,61,30,31,1,1,1,1,0.009948852
898,87229,1107,62,30,31,1,4,3,12,0.028102648
899,87230,1107,63,30,31,3,1,7,7,0.008722258
900,87231,1107,64,30,31,0,0,0,0,-1.0
901,87288,1048,54,31,31,3,3,7,7,0.005540136
902,87289,1048,55,31,31,3,3,4,9,0.001587689
903,87290,1048,56,31,31,3,3,4,9,0.001581287
904,87291,1048,57,31,31,3,3,4,9,0.002206128
905,87292,1048,58,31,31,3,3,4,4,0.003233868
906,87293,1048,59,31,31,3,3,7,7,0.00547288
907,87294,1048,60,31,31,0,0,0,0,-1.0
908,87295,1048,61,31,31,1,1,1,1,0.010620398
909,87296,1107,62,31,31,1,4,5,8,0.024007203
910,87297,1107,63,31,31,3,3,7,7,0.006753768
911,87298,1107,64,31,31,0,0,0,0,-1.0
912,87355,1048,54,32,31,3,3,7,7,0.006888033
913,87356,1048,55,32,31,3,3,4,9,0.001878796
914,87357,1048,56,32,31,3,3,4,9,0.001950669
915,87358,1048,57,32,31,3,3,4,4,0.003431565
916,87359,1048,58,32,31,3,3,7,4,0.005128724
917,87360,1048,59,32,31,3,3,7,7,0.006249609
918,87361,1048,60,32,31,0,0,0,0,-1.0
919,87362,1048,61,32,31,1,1,1,10,0.014013835
920,87363,1107,62,32,31,1,4,5,8,0.023426011
921,87364,1107,63,32,31,3,3,7,7,0.006183508
922,87365,1107,64,32,31,0,0,0,0,-1.0
923,87421,307,53,33,31,3,3,4,9,0.002487533
924,87422,1048,54,33,31,3,3,7,7,0.00563475
925,87423,1048,55,33,31,3,3,4,9,0.002173803
926,87424,1048,56,33,31,3,3,4,9,0.001889442
927,87425,1048,57,33,31,3,3,4,4,0.004376133
928,87426,1048,58,33,31,3,1,7,7,0.008124634
929,87427,1048,59,33,31,3,3,7,7,0.006734202
930,87428,1048,60,33,31,0,0,0,0,-1.0
931,87430,1107,62,33,31,1,4,3,12,0.026610345
932,87488,307,53,34,31,3,3,4,9,0.001074364
933,87489,307,54,34,31,3,3,4,9,0.002298626
934,87490,307,55,34,31,3,3,4,9,0.001915648
935,87491,1048,56,34,31,3,3,4,9,0.001486785
936,87492,1048,57,34,31,3,3,4,4,0.003434551
937,87493,1048,58,34,31,1,1,1,1,0.009855957
938,87494,307,59,34,31,3,3,7,7,0.006218432
939,87495,1048,60,34,31,0,0,0,0,-1.0
940,87496,1048,61,34,31,1,1,1,10,0.012723568
941,87497,1107,62,34,31,1,4,3,12,0.026560444
942,87556,307,54,35,31,3,3,4,9,0.000857223
943,87557,307,55,35,31,3,3,4,9,0.001213225
944,87558,307,56,35,31,3,3,4,9,0.001067747
945,87559,307,57,35,31,3,3,4,9,0.002055003
946,87560,307,58,35,31,3,1,1,1,0.00954887
947,87561,307,59,35,31,3,3,4,4,0.004767559
948,87562,307,60,35,31,0,0,0,0,-1.0
949,87623,307,54,36,31,3,3,4,9,0.000444334
950,87624,307,55,36,31,3,3,4,9,0.000450974
951,87626,307,57,36,31,3,3,4,9,0.001040259
952,87627,307,58,36,31,3,3,7,7,0.006090953
953,89770,136,57,27,32,3,3,4,4,0.003155479
954,89771,136,58,27,32,3,3,7,7,0.006599836
955,89772,136,59,27,32,1,1,1,1,0.010386275
956,89773,136,60,27,32,0,0,0,0,-1.0
957,89774,136,61,27,32,1,1,1,1,0.011820537
958,89775,136,62,27,32,1,1,1,10,0.014395771
959,89776,136,63,27,32,3,1,7,7,0.007184304
960,89777,136,64,27,32,0,0,0,0,-1.0
961,89834,136,54,28,32,3,3,4,4,0.003272086
962,89837,136,57,28,32,3,3,4,9,0.00247419
963,89838,1048,58,28,32,3,3,7,7,0.005842632
964,89839,136,59,28,32,3,1,1,1,0.009361947
965,89840,136,60,28,32,0,0,0,0,-1.0
966,89841,136,61,28,32,1,1,1,1,0.010407089
967,89842,136,62,28,32,1,4,5,10,0.016196784
968,89843,136,63,28,32,3,3,7,7,0.006375959
969,89844,136,64,28,32,0,0,0,0,-1.0
970,89901,136,54,29,32,3,3,4,4,0.002953635
971,89902,136,55,29,32,3,3,4,9,0.002348636
972,89903,136,56,29,32,3,3,4,9,0.002107508
973,89904,136,57,29,32,3,3,4,9,0.002662855
974,89905,1048,58,29,32,3,3,7,7,0.005462876
975,89906,136,59,29,32,3,1,1,1,0.009508721
976,89907,1048,60,29,32,0,0,0,0,-1.0
977,89908,1048,61,29,32,1,1,1,1,0.011016714
978,89909,1107,62,29,32,1,4,5,8,0.02185391
979,89910,1107,63,29,32,3,1,7,7,0.007395479
980,89911,1107,64,29,32,0,0,0,0,-1.0
981,89968,136,54,30,32,3,3,4,4,0.004327351
982,89969,136,55,30,32,3,3,4,9,0.002196091
983,89970,136,56,30,32,3,3,4,9,0.002442594
984,89971,136,57,30,32,3,3,4,4,0.003658717
985,89972,1048,58,30,32,3,3,4,4,0.004709195
986,89973,1048,59,30,32,3,1,1,1,0.00974136
987,89974,1048,60,30,32,0,0,0,0,-1.0
988,89975,1048,61,30,32,1,1,1,1,0.010379655
989,89976,1107,62,30,32,1,4,3,12,0.026262786
990,89977,1107,63,30,32,3,1,7,7,0.008398392
991,89978,1107,64,30,32,0,0,0,0,-1.0
992,90035,1048,54,31,32,3,3,7,4,0.005255976
993,90036,136,55,31,32,3,3,4,9,0.002270173
994,90037,136,56,31,32,3,3,4,4,0.003094347
995,90038,1048,57,31,32,3,3,7,7,0.005501213
996,90039,1048,58,31,32,3,3,4,4,0.004269692
997,90040,1048,59,31,32,1,1,1,1,0.009823981
998,90041,1048,60,31,32,0,0,0,0,-1.0
999,90042,1048,61,31,32,1,1,1,1,0.0113401
1000,90043,1107,62,31,32,1,4,3,12,0.02580874
1001,90044,1107,63,31,32,3,1,7,7,0.008144161
1002,90045,1107,64,31,32,0,0,0,0,-1.0
1003,90102,1048,54,32,32,3,3,7,4,0.005193174
1004,90103,136,55,32,32,3,3,4,4,0.002977138
1005,90104,1048,56,32,32,3,3,4,4,0.004315211
1006,90105,1048,57,32,32,3,1,1,1,0.009735024
1007,90106,1048,58,32,32,3,3,7,7,0.006359739
1008,90107,1048,59,32,32,1,1,1,1,0.009900597
1009,90108,1048,60,32,32,0,0,0,0,-1.0
1010,90109,1048,61,32,32,1,1,1,10,0.014123066
1011,90110,1107,62,32,32,1,4,3,8,0.025005559
1012,90111,1107,63,32,32,3,1,7,7,0.007218636
1013,90112,1107,64,32,32,0,0,0,0,-1.0
1014,90169,1048,54,33,32,3,3,4,4,0.003803935
1015,90170,1048,55,33,32,3,3,4,4,0.003471033
1016,90171,1048,56,33,32,3,3,4,4,0.00468845
1017,90172,1048,57,33,32,1,1,1,1,0.010828828
1018,90173,1048,58,33,32,3,1,7,1,0.009090371
1019,90174,1048,59,33,32,1,1,1,1,0.010165872
1020,90176,1048,61,33,32,1,1,1,10,0.015223812
1021,90177,1107,62,33,32,1,4,3,12,0.027224733
1022,90178,1107,63,33,32,1,1,1,1,0.01167822
1023,90179,1107,64,33,32,0,0,0,0,-1.0
1024,90235,307,53,34,32,3,3,4,9,0.001974417
1025,90236,1048,54,34,32,3,3,4,9,0.002109547
1026,90237,978,55,34,32,3,3,4,4,0.003004599
1027,90238,1048,56,34,32,3,3,4,4,0.003316698
1028,90239,978,57,34,32,3,1,7,7,0.007469418
1029,90240,1048,58,34,32,1,1,1,1,0.011722574
1030,90241,307,59,34,32,1,1,1,1,0.010269662
1031,90243,1048,61,34,32,1,1,1,1,0.010807816
1032,90244,1107,62,34,32,1,4,3,12,0.028327424
1033,90302,307,53,35,32,3,3,4,9,0.001434194
1034,90303,1048,54,35,32,3,3,4,9,0.001436062
1035,90304,978,55,35,32,3,3,4,9,0.001559542
1036,90306,978,57,35,32,3,3,4,4,0.004097099
1037,90307,307,58,35,32,1,1,1,10,0.014839842
1038,90308,307,59,35,32,3,1,7,1,0.009320277
1039,90309,307,60,35,32,0,0,0,0,-1.0
1040,90371,978,55,36,32,3,3,4,9,0.000394849
1041,90373,978,57,36,32,3,3,4,9,0.001779129
1042,90374,307,58,36,32,3,1,1,1,0.009443184
1043,90375,307,59,36,32,3,3,4,4,0.004174386
1044,90440,978,57,37,32,3,3,4,9,0.000645439
1045,92380,852,54,25,33,3,3,4,9,0.002425915
1046,92447,852,54,26,33,3,3,4,9,0.002165177
1047,92515,852,55,27,33,3,3,7,7,0.006923022
1048,92517,136,57,27,33,3,3,4,4,0.004810239
1049,92520,852,60,27,33,0,0,0,0,-1.0
1050,92521,852,61,27,33,1,1,1,1,0.011654109
1051,92522,852,62,27,33,1,4,5,10,0.015881488
1052,92523,1098,63,27,33,3,3,7,7,0.007010581
1053,92524,1098,64,27,33,0,0,0,0,-1.0
1054,92581,136,54,28,33,3,3,4,9,0.002438887
1055,92582,852,55,28,33,3,3,7,4,0.005081765
1056,92583,852,56,28,33,3,3,4,9,0.002262718
1057,92584,136,57,28,33,3,3,4,4,0.003393967
1058,92585,136,58,28,33,1,1,1,1,0.011170762
1059,92586,852,59,28,33,1,4,5,5,0.017909767
1060,92587,852,60,28,33,0,0,0,0,-1.0
1061,92588,136,61,28,33,1,1,1,1,0.011800546
1062,92589,136,62,28,33,1,4,5,5,0.018282063
1063,92590,136,63,28,33,3,1,7,7,0.007471035
1064,92591,136,64,28,33,0,0,0,0,-1.0
1065,92592,1098,65,28,33,0,0,0,0,-1.0
1066,92648,136,54,29,33,3,3,4,4,0.002951728
1067,92649,136,55,29,33,3,3,4,9,0.002658957
1068,92650,136,56,29,33,3,3,4,9,0.002458741
1069,92651,136,57,29,33,3,3,4,4,0.00317562
1070,92652,136,58,29,33,1,1,1,1,0.010734497
1071,92653,136,59,29,33,1,4,5,5,0.01759905
1072,92654,136,60,29,33,0,0,0,0,-1.0
1073,92655,136,61,29,33,1,1,1,1,0.012090821
1074,92656,136,62,29,33,1,4,5,5,0.019335669
1075,92657,136,63,29,33,3,1,7,7,0.007692612
1076,92658,136,64,29,33,0,0,0,0,-1.0
1077,92715,136,54,30,33,3,3,4,4,0.004285353
1078,92716,136,55,30,33,3,3,4,4,0.003335885
1079,92717,136,56,30,33,3,3,4,4,0.003548114
1080,92718,136,57,30,33,3,3,7,7,0.00680586
1081,92719,136,58,30,33,1,1,1,1,0.009941585
1082,92720,136,59,30,33,1,4,5,5,0.017325332
1083,92721,1048,60,30,33,0,0,0,0,-1.0
1084,92722,136,61,30,33,1,1,1,1,0.011672825
1085,92723,1107,62,30,33,1,4,5,8,0.022459252
1086,92724,136,63,30,33,3,1,7,7,0.008645035
1087,92725,1107,64,30,33,0,0,0,0,-1.0
1088,92783,136,55,31,33,3,3,4,4,0.004341767
1089,92784,136,56,31,33,3,1,7,7,0.007129836
1090,92785,136,57,31,33,1,1,5,10,0.015644344
1091,92786,1048,58,31,33,1,1,1,1,0.011218656
1092,92787,136,59,31,33,1,4,5,10,0.016300263
1093,92788,1048,60,31,33,0,0,0,0,-1.0
1094,92789,1048,61,31,33,1,1,1,1,0.012007756
1095,92790,1107,62,31,33,1,4,3,12,0.026507461
1096,92791,1107,63,31,33,1,1,1,1,0.010159545
1097,92792,1107,64,31,33,0,0,0,0,-1.0
1098,92849,136,54,32,33,3,3,7,4,0.00545278
1099,92850,136,55,32,33,3,1,7,7,0.007741568
1100,92851,136,56,32,33,1,1,1,1,0.011546548
1101,92852,136,57,32,33,1,4,3,12,0.028053166
1102,92853,1048,58,32,33,1,4,5,5,0.017358681
1103,92854,1048,59,32,33,1,1,1,10,0.015351443
1104,92855,1048,60,32,33,0,0,0,0,-1.0
1105,92856,1048,61,32,33,1,1,1,10,0.014044806
1106,92857,1107,62,32,33,1,4,3,12,0.026858076
1107,92858,1107,63,32,33,3,1,7,1,0.008945671
1108,92859,1107,64,32,33,0,0,0,0,-1.0
1109,92916,661,54,33,33,3,3,4,4,0.004848884
1110,92917,136,55,33,33,1,1,1,1,0.010333231
1111,92918,1048,56,33,33,1,1,1,1,0.011150417
1112,92919,1048,57,33,33,1,4,3,12,0.02616504
1113,92920,1048,58,33,33,1,4,5,5,0.017055752
1114,92921,1048,59,33,33,1,1,1,10,0.014176023
1115,92923,1048,61,33,33,1,1,1,10,0.014484843
1116,92924,1107,62,33,33,1,4,3,12,0.02662741
1117,92925,1107,63,33,33,1,1,1,1,0.010621666
1118,92926,1107,64,33,33,0,0,0,0,-1.0
1119,92983,661,54,34,33,3,3,4,4,0.003806946
1120,92984,661,55,34,33,3,1,1,1,0.009580325
1121,92985,978,56,34,33,3,3,7,7,0.006783909
1122,92986,1048,57,34,33,1,1,1,1,0.012524241
1123,92987,1048,58,34,33,1,4,5,10,0.015833424
1124,92988,1048,59,34,33,1,1,1,10,0.014851653
1125,92991,1107,62,34,33,1,4,3,12,0.02681691
1126,92992,1107,63,34,33,1,1,1,10,0.015000876
1127,93050,661,54,35,33,3,3,4,9,0.002698286
1128,93051,661,55,35,33,3,3,4,4,0.004771547
1129,93052,978,56,35,33,3,3,4,9,0.00278775
1130,93053,978,57,35,33,3,3,7,7,0.005634125
1131,93054,978,58,35,33,1,4,5,8,0.021116478
1132,93059,1107,63,35,33,1,1,1,1,0.01010683
1133,93117,661,54,36,33,3,3,4,9,0.00142889
1134,93119,978,56,36,33,3,3,4,9,0.000641902
1135,93120,978,57,36,33,3,3,4,9,0.002254459
1136,93121,978,58,36,33,1,1,1,1,0.012142859
1137,93122,307,59,36,33,3,3,7,7,0.00647837
1138,93188,978,58,37,33,3,3,4,9,0.002753201
1139,95127,852,54,25,34,3,3,4,9,0.002603003
1140,95194,852,54,26,34,3,3,4,9,0.002167552
1141,95203,1098,63,26,34,3,1,7,7,0.008658917
1142,95261,852,54,27,34,3,3,4,9,0.001941458
1143,95262,852,55,27,34,3,3,4,4,0.003008672
1144,95268,852,61,27,34,3,1,1,1,0.009778695
1145,95269,852,62,27,34,1,1,1,10,0.013844698
1146,95270,1098,63,27,34,3,1,7,7,0.00796318
1147,95271,1098,64,27,34,0,0,0,0,-1.0
1148,95328,852,54,28,34,3,3,4,9,0.002624665
1149,95329,852,55,28,34,3,3,4,9,0.002665425
1150,95330,852,56,28,34,3,3,4,4,0.003892
1151,95331,852,57,28,34,3,3,7,7,0.006622848
1152,95332,852,58,28,34,1,4,5,10,0.016446562
1153,95333,852,59,28,34,1,4,3,8,0.025379838
1154,95334,852,60,28,34,0,0,0,0,-1.0
1155,95335,852,61,28,34,1,1,1,1,0.011270745
1156,95336,852,62,28,34,1,4,5,10,0.016597388
1157,95337,1098,63,28,34,3,1,7,7,0.008650351
1158,95338,1098,64,28,34,0,0,0,0,-1.0
1159,95339,1098,65,28,34,0,0,0,0,-1.0
1160,95394,136,53,29,34,3,3,4,9,0.001918433
1161,95395,852,54,29,34,3,3,4,4,0.003765296
1162,95396,852,55,29,34,3,3,4,4,0.003899959
1163,95397,852,56,29,34,3,3,4,4,0.004285067
1164,95398,852,57,29,34,3,3,7,7,0.005741414
1165,95399,852,58,29,34,1,4,5,5,0.01694023
1166,95400,852,59,29,34,1,4,5,8,0.023078201
1167,95401,136,60,29,34,0,0,0,0,-1.0
1168,95402,136,61,29,34,1,1,1,10,0.012606939
1169,95403,136,62,29,34,1,4,5,5,0.01833912
1170,95404,136,63,29,34,1,1,1,1,0.010123019
1171,95405,136,64,29,34,0,0,0,0,-1.0
1172,95406,1098,65,29,34,0,0,0,0,-1.0
1173,95461,136,53,30,34,3,3,4,9,0.002466664
1174,95462,136,54,30,34,3,3,7,4,0.004942606
1175,95463,852,55,30,34,3,1,7,7,0.007053615
1176,95464,136,56,30,34,3,1,7,7,0.008679776
1177,95465,136,57,30,34,1,4,5,10,0.016072266
1178,95466,136,58,30,34,1,4,5,5,0.017881574
1179,95467,136,59,30,34,1,4,5,8,0.021772511
1180,95468,136,60,30,34,0,0,0,0,-1.0
1181,95469,136,61,30,34,1,1,1,10,0.01466625
1182,95470,136,62,30,34,1,4,5,8,0.022904586
1183,95471,136,63,30,34,1,1,1,1,0.011839305
1184,95472,136,64,30,34,0,0,0,0,-1.0
1185,95473,136,65,30,34,0,0,0,0,-1.0
1186,95528,136,53,31,34,3,3,4,4,0.00323791
1187,95529,136,54,31,34,3,3,7,7,0.006167194
1188,95530,136,55,31,34,1,1,1,1,0.010407193
1189,95531,136,56,31,34,1,4,5,5,0.019179555
1190,95532,136,57,31,34,2,2,3,3,0.036437284
1191,95533,136,58,31,34,1,4,5,8,0.024471914
1192,95534,136,59,31,34,1,4,5,5,0.019605301
1193,95536,136,61,31,34,1,4,5,5,0.017908618
1194,95537,136,62,31,34,1,4,3,12,0.028086623
1195,95538,136,63,31,34,1,1,1,10,0.012640091
1196,95539,1107,64,31,34,0,0,0,0,-1.0
1197,95594,661,52,32,34,3,3,7,4,0.004880113
1198,95595,136,53,32,34,3,3,4,4,0.004768413
1199,95596,136,54,32,34,3,1,7,1,0.0090367
1200,95597,136,55,32,34,1,4,5,5,0.020458097
1201,95598,136,56,32,34,1,4,3,12,0.027941572
1202,95599,136,57,32,34,2,5,6,6,0.05127903
1203,95600,136,58,32,34,2,2,6,3,0.041090194
1204,95601,136,59,32,34,1,4,5,5,0.018066673
1205,95602,1048,60,32,34,0,0,0,0,-1.0
1206,95603,1048,61,32,34,1,4,5,5,0.017704196
1207,95604,1107,62,32,34,1,4,3,12,0.028319124
1208,95605,1107,63,32,34,1,1,1,1,0.011037231
1209,95606,1107,64,32,34,0,0,0,0,-1.0
1210,95662,661,53,33,34,3,1,7,7,0.007533019
1211,95663,661,54,33,34,1,1,1,1,0.010648282
1212,95664,661,55,33,34,1,4,3,12,0.027163606
1213,95665,661,56,33,34,1,4,5,8,0.02413465
1214,95666,136,57,33,34,2,2,6,3,0.04055506
1215,95667,136,58,33,34,2,2,3,3,0.03277974
1216,95669,978,60,33,34,0,0,0,0,-1.0
1217,95670,978,61,33,34,1,1,1,10,0.014965565
1218,95671,1048,62,33,34,1,4,3,8,0.025072763
1219,95672,1107,63,33,34,1,1,1,1,0.011588675
1220,95673,1107,64,33,34,0,0,0,0,-1.0
1221,95729,661,53,34,34,3,1,7,7,0.007409955
1222,95730,661,54,34,34,3,1,7,1,0.009091091
1223,95731,661,55,34,34,1,4,5,8,0.024633868
1224,95732,661,56,34,34,1,1,1,10,0.013063835
1225,95733,978,57,34,34,1,1,1,10,0.014956303
1226,95734,1048,58,34,34,1,4,5,5,0.01812432
1227,95735,978,59,34,34,1,1,1,10,0.015382121
1228,95736,978,60,34,34,0,0,0,0,-1.0
1229,95737,978,61,34,34,1,1,1,1,0.010115959
1230,95739,1107,63,34,34,1,1,1,10,0.014165176
1231,95740,235,64,34,34,0,0,0,0,-1.0
1232,95796,661,53,35,34,3,3,7,4,0.005060501
1233,95797,661,54,35,34,3,3,4,4,0.004192208
1234,95798,661,55,35,34,1,1,1,1,0.011258279
1235,95799,978,56,35,34,3,3,4,4,0.004442416
1236,95800,978,57,35,34,3,3,7,4,0.005024738
1237,95801,978,58,35,34,1,4,5,10,0.016626425
1238,95802,978,59,35,34,1,1,5,10,0.01569692
1239,95803,978,60,35,34,0,0,0,0,-1.0
1240,95864,661,54,36,34,3,3,4,9,0.001393688
1241,95865,661,55,36,34,3,3,4,9,0.001790159
1242,95866,978,56,36,34,3,3,4,9,0.000810281
1243,95867,978,57,36,34,3,3,4,9,0.001627626
1244,95868,978,58,36,34,3,1,7,7,0.008323435
1245,95869,978,59,36,34,3,3,7,7,0.005712041
1246,95935,978,58,37,34,3,3,4,9,0.001263568
1247,95936,978,59,37,34,3,3,4,9,0.001068464
1248,97941,852,54,26,35,3,3,7,7,0.006252925
1249,97949,852,62,26,35,1,4,5,10,0.015994877
1250,98007,852,53,27,35,1,1,1,10,0.013682359
1251,98008,852,54,27,35,3,3,7,4,0.005084793
1252,98009,852,55,27,35,3,3,4,4,0.003165858
1253,98013,852,59,27,35,1,4,5,8,0.02413062
1254,98015,852,61,27,35,3,1,7,7,0.007187247
1255,98016,852,62,27,35,1,1,1,10,0.01395342
1256,98018,1098,64,27,35,0,0,0,0,-1.0
1257,98074,852,53,28,35,3,3,7,7,0.005855357
1258,98075,852,54,28,35,3,3,7,4,0.005332288
1259,98076,852,55,28,35,3,3,4,4,0.003238608
1260,98080,852,59,28,35,1,4,5,8,0.023070518
1261,98081,852,60,28,35,0,0,0,0,-1.0
1262,98082,852,61,28,35,3,1,7,7,0.00816936
1263,98083,852,62,28,35,1,1,1,10,0.014994336
1264,98084,1098,63,28,35,1,1,1,1,0.009884301
1265,98085,1098,64,28,35,0,0,0,0,-1.0
1266,98144,852,56,29,35,3,1,7,7,0.00866866
1267,98145,852,57,29,35,1,1,1,1,0.010063147
1268,98146,852,58,29,35,1,4,5,5,0.018622143
1269,98147,852,59,29,35,1,4,5,8,0.021107044
1270,98148,852,60,29,35,0,0,0,0,-1.0
1271,98149,136,61,29,35,1,1,1,1,0.010578985
1272,98150,136,62,29,35,1,4,5,5,0.018232297
1273,98151,1098,63,29,35,1,1,1,10,0.014317717
1274,98152,1098,64,29,35,0,0,0,0,-1.0
1275,98153,1098,65,29,35,0,0,0,0,-1.0
1276,98208,136,53,30,35,3,3,4,4,0.002855233
1277,98209,852,54,30,35,3,1,7,7,0.00731898
1278,98210,852,55,30,35,1,1,1,10,0.012789047
1279,98211,852,56,30,35,1,4,5,5,0.01999359
1280,98212,852,57,30,35,2,4,3,12,0.0293548
1281,98213,852,58,30,35,1,4,5,8,0.021737818
1282,98215,136,60,30,35,0,0,0,0,-1.0
1283,98216,136,61,30,35,1,4,5,5,0.017475037
1284,98217,136,62,30,35,1,4,5,8,0.02470325
1285,98218,136,63,30,35,1,4,5,10,0.0165762
1286,98219,136,64,30,35,0,0,0,0,-1.0
1287,98220,1098,65,30,35,0,0,0,0,-1.0
1288,98275,136,53,31,35,3,3,4,4,0.004274434
1289,98276,136,54,31,35,3,1,7,7,0.008448116
1290,98277,852,55,31,35,1,4,5,8,0.02223832
1291,98278,136,56,31,35,2,2,6,3,0.040641353
1292,98279,852,57,31,35,2,5,2,2,0.061109137
1293,98280,136,58,31,35,2,2,3,3,0.034863446
1294,98281,136,59,31,35,1,4,5,5,0.017966509
1295,98282,136,60,31,35,0,0,0,0,-1.0
1296,98283,136,61,31,35,2,2,3,12,0.030306604
1297,98284,136,62,31,35,2,2,3,12,0.02976102
1298,98285,136,63,31,35,1,1,1,10,0.014159031
1299,98286,136,64,31,35,0,0,0,0,-1.0
1300,98287,136,65,31,35,0,0,0,0,-1.0
1301,98342,136,53,32,35,3,1,7,7,0.007538426
1302,98343,661,54,32,35,1,1,1,10,0.014305064
1303,98344,136,55,32,35,2,2,6,3,0.040277872
1304,98345,136,56,32,35,2,5,6,6,0.05225248
1305,98346,136,57,32,35,2,5,2,2,0.063409306
1306,98347,136,58,32,35,2,5,2,2,0.05904818
1307,98348,136,59,32,35,1,4,5,5,0.018028527
1308,98349,136,60,32,35,0,0,0,0,-1.0
1309,98351,1048,62,32,35,1,4,3,12,0.027064592
1310,98352,136,63,32,35,1,1,1,1,0.011982446
1311,98353,136,64,32,35,0,0,0,0,-1.0
1312,98409,661,53,33,35,1,1,1,1,0.011353702
1313,98410,661,54,33,35,1,4,5,5,0.018602937
1314,98411,661,55,33,35,2,5,6,6,0.050224476
1315,98412,661,56,33,35,2,2,6,6,0.043666597
1316,98413,136,57,33,35,2,2,6,3,0.039635073
1317,98414,939,58,33,35,2,2,6,6,0.04414554
1318,98415,939,59,33,35,1,4,5,10,0.015819602
1319,98416,939,60,33,35,0,0,0,0,-1.0
1320,98420,1107,64,33,35,0,0,0,0,-1.0
1321,98478,661,55,34,35,2,2,6,6,0.043728355
1322,98479,661,56,34,35,1,4,5,8,0.022735318
1323,98480,978,57,34,35,1,1,1,1,0.012096418
1324,98481,143,58,34,35,1,4,5,5,0.01961954
1325,98483,143,60,34,35,0,0,0,0,-1.0
1326,98484,143,61,34,35,1,1,1,1,0.011775497
1327,98486,1107,63,34,35,1,1,1,1,0.010148469
1328,98545,661,55,35,35,1,4,5,5,0.019198949
1329,98547,978,57,35,35,3,3,4,4,0.003080153
1330,98548,143,58,35,35,3,1,1,1,0.009406545
1331,98549,978,59,35,35,1,1,1,1,0.012082416
1332,98550,978,60,35,35,0,0,0,0,-1.0
1333,98551,978,61,35,35,3,3,7,7,0.006287049
1334,98614,978,57,36,35,3,3,4,9,0.000726382
1335,98615,978,58,36,35,3,3,4,4,0.003636841
1336,98616,978,59,36,35,3,3,4,4,0.003751508
1337,98618,978,61,36,35,3,3,4,9,0.001485661
1338,98682,978,58,37,35,3,3,4,9,0.000391367
1339,100687,852,53,26,36,2,2,6,3,0.03944639
1340,100754,852,53,27,36,1,4,3,12,0.026342096
1341,100761,852,60,27,36,0,0,0,0,-1.0
1342,100763,852,62,27,36,1,4,5,5,0.019343557
1343,100765,1098,64,27,36,0,0,0,0,-1.0
1344,100822,852,54,28,36,3,1,7,1,0.008842525
1345,100828,852,60,28,36,0,0,0,0,-1.0
1346,100829,136,61,28,36,3,3,7,7,0.006477387
1347,100830,852,62,28,36,1,4,5,5,0.018981958
1348,100832,1098,64,28,36,0,0,0,0,-1.0
1349,100889,852,54,29,36,1,1,1,1,0.010973427
1350,100890,852,55,29,36,3,3,7,7,0.007019467
1351,100891,852,56,29,36,1,1,1,10,0.012962506
1352,100892,852,57,29,36,1,1,1,10,0.014318037
1353,100894,852,59,29,36,1,4,5,10,0.016423428
1354,100895,852,60,29,36,0,0,0,0,-1.0
1355,100896,136,61,29,36,3,1,7,7,0.008199483
1356,100897,136,62,29,36,1,4,5,8,0.020927459
1357,100898,1098,63,29,36,1,4,5,5,0.016970506
1358,100899,1098,64,29,36,0,0,0,0,-1.0
1359,100955,136,53,30,36,3,3,4,4,0.00400848
1360,100956,852,54,30,36,1,1,1,1,0.011129785
1361,100957,852,55,30,36,1,4,5,5,0.017350415
1362,100958,852,56,30,36,2,2,3,12,0.031391963
1363,100959,852,57,30,36,2,2,3,3,0.037103165
1364,100960,852,58,30,36,1,4,5,8,0.02100026
1365,100961,136,59,30,36,1,1,1,10,0.013812512
1366,100962,136,60,30,36,0,0,0,0,-1.0
1367,100963,136,61,30,36,1,1,1,10,0.015168307
1368,100964,136,62,30,36,1,4,3,12,0.02728343
1369,100965,1098,63,30,36,1,4,5,5,0.019131714
1370,100966,1098,64,30,36,0,0,0,0,-1.0
1371,101022,136,53,31,36,3,3,7,7,0.00695913
1372,101023,852,54,31,36,1,1,1,10,0.012749734
1373,101024,852,55,31,36,2,2,3,3,0.036135547
1374,101025,852,56,31,36,2,5,2,2,0.057969164
1375,101026,852,57,31,36,2,5,2,11,0.0719765
1376,101027,136,58,31,36,2,2,3,3,0.035695117
1377,101028,136,59,31,36,1,1,1,10,0.013674534
1378,101029,136,60,31,36,0,0,0,0,-1.0
1379,101030,136,61,31,36,2,2,3,12,0.029489292
1380,101031,136,62,31,36,2,2,3,12,0.030265464
1381,101032,136,63,31,36,1,1,1,10,0.014882202
1382,101089,661,53,32,36,1,1,1,1,0.011991209
1383,101090,661,54,32,36,1,4,5,5,0.01839927
1384,101091,661,55,32,36,2,5,6,2,0.053277534
1385,101092,136,56,32,36,2,5,2,11,0.068461396
1386,101093,852,57,32,36,2,5,2,11,0.070118524
1387,101094,852,58,32,36,2,5,2,2,0.057531446
1388,101095,136,59,32,36,1,4,5,10,0.016164998
1389,101098,136,62,32,36,1,4,5,8,0.02161698
1390,101099,136,63,32,36,1,1,1,10,0.012767238
1391,101100,136,64,32,36,0,0,0,0,-1.0
1392,101156,661,53,33,36,1,1,1,10,0.014448391
1393,101157,661,54,33,36,1,4,5,8,0.022312675
1394,101158,661,55,33,36,2,5,6,2,0.054239955
1395,101159,661,56,33,36,2,5,6,6,0.05287211
1396,101161,136,58,33,36,2,2,6,6,0.044544782
1397,101164,978,61,33,36,1,1,1,10,0.0127424
1398,101166,136,63,33,36,3,1,7,1,0.009302093
1399,101167,136,64,33,36,0,0,0,0,-1.0
1400,101223,661,53,34,36,1,1,1,1,0.010189694
1401,101224,661,54,34,36,1,4,5,5,0.01795393
1402,101225,661,55,34,36,2,2,3,3,0.03594728
1403,101226,661,56,34,36,1,4,5,8,0.024700342
1404,101227,978,57,34,36,1,1,1,1,0.010552294
1405,101228,136,58,34,36,1,4,5,8,0.021943858
1406,101229,978,59,34,36,1,1,1,1,0.010506878
1407,101230,978,60,34,36,0,0,0,0,-1.0
1408,101231,978,61,34,36,1,1,1,1,0.011006189
1409,101233,136,63,34,36,3,3,4,4,0.003983037
1410,101234,1107,64,34,36,0,0,0,0,-1.0
1411,101291,661,54,35,36,3,3,4,4,0.004771918
1412,101292,661,55,35,36,1,1,1,10,0.013753606
1413,101293,661,56,35,36,3,3,4,4,0.004234613
1414,101294,978,57,35,36,3,3,4,9,0.001925985
1415,101295,978,58,35,36,3,3,7,7,0.005823508
1416,101296,978,59,35,36,3,3,7,4,0.004869517
1417,101298,978,61,35,36,3,3,7,4,0.005177352
1418,101362,978,58,36,36,3,3,4,9,0.00156696
1419,103367,852,53,25,37,2,5,2,2,0.057448093
1420,103434,852,53,26,37,2,5,6,6,0.052545328
1421,103501,852,53,27,37,2,2,3,3,0.03187341
1422,103568,852,53,28,37,1,1,1,1,0.012529138
1423,103635,852,53,29,37,3,3,7,7,0.00602425
1424,103644,136,62,29,37,1,4,3,12,0.028789682
1425,103645,1098,63,29,37,1,1,1,10,0.015478985
1426,103646,1098,64,29,37,0,0,0,0,-1.0
1427,103711,136,62,30,37,2,2,3,3,0.032887753
1428,103712,1098,63,30,37,1,4,5,5,0.016660105
1429,103713,1098,64,30,37,0,0,0,0,-1.0
1430,103769,136,53,31,37,1,1,1,1,0.010222344
1431,103770,852,54,31,37,1,4,5,5,0.018089214
1432,103773,852,57,31,37,2,5,2,2,0.06379655
1433,103774,136,58,31,37,2,2,3,3,0.032357197
1434,103775,136,59,31,37,1,1,1,10,0.014113127
1435,103778,136,62,31,37,2,2,3,3,0.033668347
1436,103779,1098,63,31,37,1,4,5,10,0.016456058
1437,103836,136,53,32,37,1,4,5,10,0.015919952
1438,103837,852,54,32,37,1,4,5,8,0.022557301
1439,103842,136,59,32,37,1,4,5,10,0.016050294
1440,103845,136,62,32,37,1,4,5,8,0.023853684
1441,103846,136,63,32,37,1,4,5,10,0.016457167
1442,103904,661,54,33,37,1,4,5,8,0.021766864
1443,103905,661,55,33,37,2,2,6,6,0.04206914
1444,103908,852,58,33,37,2,2,3,3,0.032063417
1445,103909,978,59,33,37,1,1,1,10,0.013972141
1446,103912,136,62,33,37,1,1,1,10,0.014994036
1447,103913,136,63,33,37,1,1,1,1,0.010926807
1448,103914,136,64,33,37,0,0,0,0,-1.0
1449,103970,661,53,34,37,3,1,7,7,0.008604862
1450,103971,661,54,34,37,1,1,1,10,0.01397324
1451,103972,661,55,34,37,1,4,5,10,0.016035693
1452,103975,978,58,34,37,1,1,1,10,0.015139488
1453,103976,978,59,34,37,3,1,7,7,0.00765965
1454,103977,978,60,34,37,0,0,0,0,-1.0
1455,103980,136,63,34,37,3,3,4,9,0.002285501
1456,104039,661,55,35,37,3,3,4,4,0.004645371
1457,104040,661,56,35,37,3,3,4,9,0.001445297
1458,104042,978,58,35,37,3,3,4,9,0.002797503
1459,104043,978,59,35,37,3,3,4,9,0.001560486
1460,106114,852,53,25,38,2,2,6,6,0.0464784
1461,106181,852,53,26,38,2,2,6,6,0.042877786
1462,106659,136,62,33,38,1,1,1,10,0.012970295
1463,108861,852,53,25,39,1,4,5,5,0.018978873
1464,109474,136,63,34,39,3,3,4,9,0.000239279
