Index,Structure-ID,X,Y,Z,[0.001 Gene Threshold] K=13,[0.01 Gene Threshold] K=13,[85% Active Gene Threshold] K=13,[70% Edge Voxels] K=13,[Actb-74881516] K=13,[Chat-252] K=13
0,852,53,25,18,5,8,2,7,0,4
1,136,63,34,18,1,1,7,11,5,9
2,852,53,25,19,5,4,2,4,1,7
3,852,53,26,19,5,4,2,4,12,7
4,136,62,33,19,8,12,12,2,7,9
5,852,53,25,20,5,4,2,4,6,10
6,852,53,26,20,5,4,2,4,1,10
7,852,53,27,20,5,4,2,4,12,1
8,852,53,28,20,5,4,2,4,9,7
9,852,62,28,20,8,12,10,,4,8
10,852,53,29,20,5,4,2,4,0,7
11,136,62,29,20,8,12,10,,4,8
12,1098,63,29,20,8,0,4,,4,1
13,1098,64,29,20,0,0,0,12,10,0
14,852,54,30,20,5,4,2,4,0,5
15,852,55,30,20,5,4,9,4,7,7
16,136,59,30,20,10,12,5,,2,1
17,136,62,30,20,8,12,10,,4,8
18,1098,63,30,20,0,0,4,,4,1
19,1098,64,30,20,0,0,0,12,4,0
20,136,53,31,20,9,4,2,,9,7
21,852,54,31,20,5,4,2,,0,8
22,852,55,31,20,5,4,9,4,4,10
23,852,57,31,20,5,12,5,12,4,8
24,136,58,31,20,10,12,5,,7,5
25,136,59,31,20,10,12,5,12,7,1
26,136,62,31,20,8,0,10,2,10,8
27,1098,63,31,20,0,0,4,,4,7
28,136,53,32,20,2,8,2,,12,7
29,852,54,32,20,12,4,11,,0,5
30,136,59,32,20,10,12,5,12,7,1
31,136,62,32,20,8,0,10,2,10,10
32,136,63,32,20,0,0,12,2,4,4
33,661,53,33,20,6,2,11,1,12,4
34,661,55,33,20,11,4,11,0,10,12
35,852,58,33,20,5,4,3,,4,6
36,978,59,33,20,5,4,3,,7,10
37,136,62,33,20,8,0,12,2,7,7
38,136,63,33,20,8,0,12,2,2,9
39,136,64,33,20,0,0,12,2,3,0
40,661,53,34,20,6,2,7,11,12,9
41,661,54,34,20,1,1,7,1,0,4
42,661,55,34,20,11,4,11,0,4,8
43,661,56,34,20,11,4,11,0,6,5
44,978,58,34,20,9,4,3,1,0,5
45,978,59,34,20,9,4,3,10,7,7
46,978,60,34,20,9,4,3,10,10,0
47,136,63,34,20,4,6,12,10,4,9
48,661,54,35,20,1,1,7,11,1,9
49,661,55,35,20,1,1,7,6,4,4
50,661,56,35,20,1,10,7,6,6,4
51,978,58,35,20,1,1,7,11,9,9
52,978,59,35,20,1,1,7,11,1,9
53,852,53,26,21,11,4,2,4,0,3
54,852,53,27,21,11,4,2,4,9,3
55,852,60,27,21,10,12,8,12,6,0
56,852,62,27,21,8,12,10,12,10,5
57,1098,64,27,21,0,0,0,12,10,0
58,852,54,28,21,12,8,2,7,9,10
59,852,60,28,21,10,12,8,12,7,0
60,852,61,28,21,10,12,8,,4,1
61,852,62,28,21,8,12,10,,4,5
62,1098,64,28,21,0,0,0,12,10,0
63,852,54,29,21,5,4,2,4,9,10
64,852,55,29,21,7,3,9,4,10,7
65,852,56,29,21,7,3,9,12,6,4
66,852,57,29,21,10,12,5,12,0,1
67,852,58,29,21,10,12,5,12,7,7
68,852,59,29,21,10,12,5,,11,7
69,852,60,29,21,10,11,8,,2,0
70,136,61,29,21,10,12,8,,7,1
71,136,62,29,21,8,0,10,,7,8
72,1098,63,29,21,0,0,4,,4,10
73,1098,64,29,21,0,0,0,12,0,0
74,136,53,30,21,5,4,2,,9,4
75,852,54,30,21,5,4,2,,9,10
76,852,55,30,21,5,4,9,4,4,7
77,852,56,30,21,10,12,9,12,10,7
78,852,57,30,21,10,12,5,12,7,10
79,852,58,30,21,10,12,5,,2,1
80,136,59,30,21,10,12,5,,2,7
81,136,60,30,21,10,12,8,12,7,0
82,136,61,30,21,10,12,8,12,4,8
83,136,62,30,21,8,0,10,2,4,3
84,1098,63,30,21,0,0,4,,10,5
85,136,64,30,21,0,0,0,,0,0
86,1098,65,30,21,0,0,0,,4,0
87,136,53,31,21,12,4,2,,12,7
88,852,54,31,21,12,4,2,,9,5
89,852,55,31,21,5,4,9,,4,5
90,852,56,31,21,5,12,9,,10,10
91,852,57,31,21,10,12,5,,7,3
92,136,58,31,21,10,12,5,,7,12
93,136,59,31,21,10,12,5,12,7,1
94,136,60,31,21,10,12,8,12,10,0
95,136,61,31,21,10,0,8,12,10,8
96,136,62,31,21,8,0,10,2,10,12
97,136,63,31,21,0,0,4,2,10,10
98,661,53,32,21,12,8,2,,12,7
99,661,54,32,21,12,8,11,,6,8
100,661,55,32,21,5,4,9,,6,3
101,136,56,32,21,5,4,9,,0,3
102,852,57,32,21,5,12,9,,4,2
103,852,58,32,21,5,12,5,,4,6
104,136,59,32,21,10,12,5,,7,10
105,136,62,32,21,8,0,10,2,4,5
106,136,63,32,21,0,0,4,2,4,1
107,136,64,32,21,0,0,0,2,0,0
108,661,53,33,21,2,8,11,1,9,4
109,661,54,33,21,12,8,11,0,0,5
110,661,55,33,21,11,3,11,0,6,2
111,661,56,33,21,11,4,9,,9,6
112,136,58,33,21,5,4,5,,10,2
113,978,61,33,21,8,12,8,,4,1
114,136,63,33,21,8,0,12,2,7,7
115,136,64,33,21,0,0,12,2,5,0
116,661,53,34,21,6,1,7,1,9,9
117,661,54,34,21,11,8,11,0,10,1
118,661,55,34,21,11,3,11,0,4,3
119,661,56,34,21,11,3,11,0,1,6
120,978,57,34,21,11,4,11,,0,12
121,136,58,34,21,5,4,3,,6,8
122,978,61,34,21,3,12,3,,10,4
123,136,63,34,21,8,6,12,,0,9
124,1107,64,34,21,4,0,12,,8,0
125,661,54,35,21,1,1,7,6,0,9
126,661,55,35,21,1,10,7,6,4,1
127,661,56,35,21,1,10,7,,6,10
128,978,57,35,21,1,10,7,,6,7
129,978,58,35,21,1,4,7,6,9,4
130,978,59,35,21,4,5,7,10,6,7
131,978,60,35,21,4,5,7,10,0,0
132,978,61,35,21,4,5,7,10,10,9
133,978,58,36,21,1,1,7,11,9,9
134,852,54,26,22,9,1,2,1,12,5
135,852,62,26,22,8,12,10,12,10,5
136,852,53,27,22,11,8,2,7,5,2
137,852,54,27,22,2,8,6,1,5,5
138,852,55,27,22,9,1,6,1,9,7
139,852,59,27,22,10,12,5,12,10,7
140,852,61,27,22,10,11,8,12,10,10
141,852,62,27,22,8,11,10,12,7,10
142,1098,64,27,22,0,0,0,12,10,0
143,852,53,28,22,12,8,2,7,12,12
144,852,54,28,22,2,2,6,3,5,10
145,852,55,28,22,2,8,6,3,1,1
146,852,56,28,22,5,1,9,7,9,1
147,852,58,28,22,10,12,5,12,10,7
148,852,59,28,22,10,12,5,12,2,4
149,852,60,28,22,10,11,8,12,2,0
150,852,61,28,22,10,11,8,,2,10
151,852,62,28,22,8,11,10,,2,10
152,1098,63,28,22,0,0,4,,7,1
153,1098,64,28,22,0,0,0,12,10,0
154,1098,65,28,22,0,0,0,12,6,0
155,136,53,29,22,12,8,2,,1,7
156,852,56,29,22,12,8,9,7,9,7
157,852,57,29,22,5,4,5,12,10,1
158,852,58,29,22,10,12,5,12,7,7
159,852,59,29,22,10,11,5,,2,7
160,136,60,29,22,10,11,8,,2,0
161,136,61,29,22,10,11,8,,7,10
162,136,62,29,22,8,11,10,,7,8
163,1098,63,29,22,0,0,4,,7,10
164,1098,64,29,22,0,0,0,,10,0
165,1098,65,29,22,0,0,0,12,0,0
166,136,53,30,22,12,8,2,,1,4
167,852,54,30,22,12,8,6,,12,10
168,852,55,30,22,12,8,9,7,0,1
169,852,56,30,22,5,3,9,7,6,7
170,852,57,30,22,10,12,5,,4,1
171,852,58,30,22,10,12,5,,7,1
172,136,60,30,22,10,11,8,12,4,0
173,136,61,30,22,10,12,8,12,10,8
174,136,62,30,22,8,0,10,2,4,3
175,136,63,30,22,0,0,4,2,10,5
176,136,64,30,22,0,0,0,,10,0
177,1098,65,30,22,0,0,0,,10,0
178,136,53,31,22,12,8,2,,12,4
179,136,54,31,22,12,8,6,,9,5
180,852,55,31,22,12,4,9,,0,5
181,136,56,31,22,5,4,9,,6,10
182,136,57,31,22,5,12,5,,4,3
183,136,58,31,22,10,12,5,12,4,12
184,136,59,31,22,10,12,5,12,7,10
185,136,61,31,22,8,12,8,12,10,8
186,136,62,31,22,8,0,10,2,4,12
187,136,63,31,22,0,0,4,2,10,10
188,136,64,31,22,0,0,0,,0,0
189,136,65,31,22,0,0,0,,10,0
190,136,53,32,22,12,8,2,,9,7
191,136,54,32,22,12,8,6,,6,8
192,136,55,32,22,12,4,9,,9,6
193,136,56,32,22,5,4,9,,9,6
194,136,57,32,22,5,4,9,,4,11
195,136,58,32,22,5,12,5,12,10,6
196,136,59,32,22,10,12,5,,4,5
197,136,60,32,22,10,12,8,,6,0
198,1048,62,32,22,8,0,10,,4,8
199,136,63,32,22,0,0,4,,4,1
200,136,64,32,22,0,0,0,,0,0
201,661,53,33,22,12,8,11,1,6,7
202,661,54,33,22,12,8,11,0,9,8
203,661,55,33,22,11,3,9,0,1,2
204,661,56,33,22,11,4,9,,12,2
205,136,57,33,22,5,4,9,,4,2
206,939,58,33,22,5,4,5,,0,6
207,939,59,33,22,10,12,5,,7,8
208,939,60,33,22,10,12,8,,0,0
209,1107,64,33,22,0,0,12,,12,0
210,661,54,34,22,11,8,11,0,6,1
211,661,55,34,22,11,3,11,0,6,6
212,661,56,34,22,11,3,11,,12,2
213,978,57,34,22,11,4,11,,0,3
214,143,58,34,22,5,4,3,,6,8
215,143,60,34,22,10,12,3,,0,0
216,1107,63,34,22,8,6,12,2,9,4
217,978,57,35,22,11,10,3,,9,1
218,143,58,35,22,4,3,3,,9,7
219,978,59,35,22,4,12,3,8,10,10
220,978,60,35,22,4,12,3,5,0,0
221,978,61,35,22,4,12,3,5,0,4
222,978,57,36,22,1,10,7,6,6,9
223,978,58,36,22,1,10,7,6,0,9
224,978,59,36,22,1,5,7,6,6,9
225,978,60,36,22,1,5,7,6,6,0
226,978,61,36,22,1,5,7,6,10,9
227,978,58,37,22,1,1,7,11,12,9
228,852,54,25,23,4,7,2,5,0,1
229,852,54,26,23,9,1,2,1,12,1
230,1098,63,26,23,8,11,4,,2,1
231,852,54,27,23,6,2,6,1,3,1
232,852,55,27,23,9,1,6,1,9,7
233,852,56,27,23,9,5,2,10,0,7
234,852,61,27,23,10,11,8,12,7,10
235,852,62,27,23,8,11,10,,11,5
236,1098,63,27,23,8,11,4,,11,1
237,1098,64,27,23,0,11,0,12,7,0
238,852,54,28,23,6,2,6,3,3,7
239,852,55,28,23,6,2,6,3,5,1
240,852,56,28,23,9,1,6,1,9,10
241,852,57,28,23,5,4,2,,0,1
242,852,58,28,23,10,12,5,,10,7
243,852,59,28,23,10,12,5,,7,4
244,852,60,28,23,10,11,8,,2,0
245,852,61,28,23,10,11,8,,2,10
246,852,62,28,23,8,11,10,,11,5
247,1098,63,28,23,0,11,4,,2,7
248,1098,64,28,23,0,0,0,12,4,0
249,1098,65,28,23,0,0,0,12,9,0
250,136,53,29,23,6,2,6,,5,7
251,852,54,29,23,6,2,6,,3,1
252,852,55,29,23,6,2,6,,5,7
253,852,56,29,23,2,2,6,,12,1
254,852,57,29,23,5,4,2,,6,1
255,852,58,29,23,10,12,5,,10,1
256,852,59,29,23,10,11,5,,4,4
257,136,60,29,23,10,11,8,,4,0
258,136,61,29,23,10,11,8,,4,10
259,136,62,29,23,8,11,10,,7,5
260,136,63,29,23,0,0,4,,7,7
261,136,64,29,23,0,0,0,,10,0
262,1098,65,29,23,0,0,0,,6,0
263,136,53,30,23,2,2,6,3,12,4
264,136,54,30,23,6,2,6,3,5,10
265,852,55,30,23,6,2,6,,12,7
266,136,56,30,23,2,8,6,,5,7
267,136,57,30,23,5,4,2,,1,7
268,136,58,30,23,10,12,5,,10,10
269,136,59,30,23,10,12,5,,4,7
270,136,60,30,23,10,12,8,12,0,0
271,136,61,30,23,8,12,8,12,10,10
272,136,62,30,23,8,0,10,2,10,8
273,136,63,30,23,0,0,4,,10,1
274,136,64,30,23,0,0,0,,10,0
275,136,53,31,23,12,8,6,3,1,4
276,136,54,31,23,2,2,6,3,9,5
277,136,55,31,23,2,8,6,3,9,5
278,136,56,31,23,2,8,9,7,5,10
279,136,57,31,23,5,4,2,7,9,12
280,136,58,31,23,5,12,5,12,10,5
281,136,59,31,23,10,12,5,,4,1
282,136,61,31,23,8,12,8,,0,5
283,136,62,31,23,8,0,10,,10,8
284,136,63,31,23,0,0,4,,10,1
285,1107,64,31,23,0,0,0,,0,0
286,136,54,32,23,12,8,6,,9,8
287,136,55,32,23,12,8,9,,1,3
288,136,56,32,23,12,8,9,7,5,6
289,136,57,32,23,5,4,2,,0,6
290,136,58,32,23,5,4,5,,10,12
291,136,59,32,23,10,12,5,,10,10
292,1048,60,32,23,10,12,8,,9,0
293,1048,61,32,23,8,12,8,,0,5
294,1107,62,32,23,8,0,10,,4,12
295,1107,63,32,23,0,0,4,,4,1
296,1107,64,32,23,0,0,0,,0,0
297,661,53,33,23,12,8,2,,1,4
298,661,54,33,23,12,8,1,,1,8
299,661,55,33,23,12,8,9,,12,2
300,661,56,33,23,12,8,9,,5,11
301,136,57,33,23,5,4,9,,0,6
302,136,58,33,23,5,4,5,,0,12
303,978,59,33,23,5,12,5,,10,5
304,978,60,33,23,10,12,8,,9,0
305,978,61,33,23,8,12,8,,0,12
306,1107,62,33,23,8,0,10,,4,12
307,1107,63,33,23,8,0,12,2,7,1
308,1107,64,33,23,0,0,12,4,12,0
309,661,53,34,23,12,8,11,1,12,9
310,661,54,34,23,11,8,11,0,1,10
311,661,55,34,23,11,3,11,0,1,6
312,661,56,34,23,11,8,9,,5,2
313,978,57,34,23,12,8,1,,9,3
314,1048,58,34,23,7,4,1,,6,8
315,978,59,34,23,7,12,1,,10,8
316,978,60,34,23,10,12,8,,6,0
317,978,61,34,23,8,12,12,,10,5
318,1107,63,34,23,8,0,12,2,9,7
319,1107,64,34,23,0,0,12,4,8,0
320,661,53,35,23,1,1,7,1,12,9
321,661,54,35,23,11,3,11,0,6,4
322,661,55,35,23,11,3,11,0,0,8
323,978,56,35,23,11,3,3,,5,8
324,978,57,35,23,7,3,3,8,12,10
325,978,58,35,23,7,3,3,,9,1
326,978,59,35,23,7,12,3,,10,10
327,978,60,35,23,4,12,3,5,0,0
328,661,54,36,23,1,1,7,6,0,9
329,661,55,36,23,1,10,7,,4,7
330,978,56,36,23,1,10,7,6,9,4
331,978,57,36,23,4,10,7,6,9,4
332,978,58,36,23,4,3,3,8,10,4
333,978,59,36,23,4,12,3,8,4,4
334,978,58,37,23,1,5,7,6,10,9
335,978,59,37,23,1,5,7,6,1,9
336,852,54,25,24,3,7,2,5,7,7
337,852,54,26,24,9,5,2,1,6,7
338,852,55,27,24,9,1,6,1,1,7
339,136,57,27,24,3,7,2,,4,7
340,852,60,27,24,10,11,8,,4,0
341,852,61,27,24,10,11,8,,2,1
342,852,62,27,24,8,11,10,,11,10
343,1098,63,27,24,8,11,4,,11,7
344,1098,64,27,24,0,11,0,,2,0
345,136,54,28,24,6,2,6,,3,7
346,852,55,28,24,6,2,6,,5,7
347,852,56,28,24,9,1,6,,1,7
348,136,57,28,24,9,1,2,,0,7
349,136,58,28,24,5,4,5,,10,7
350,136,59,28,24,10,12,5,,10,7
351,852,60,28,24,10,11,8,,10,0
352,136,61,28,24,10,11,8,,7,1
353,136,62,28,24,8,11,10,,2,10
354,136,63,28,24,0,11,4,,7,7
355,136,64,28,24,0,0,0,,10,0
356,1098,65,28,24,0,0,0,,9,0
357,136,54,29,24,6,2,6,,3,7
358,136,55,29,24,6,2,6,,3,4
359,136,56,29,24,6,2,6,,5,4
360,136,57,29,24,2,8,6,,1,7
361,136,58,29,24,5,4,5,,6,7
362,136,59,29,24,10,12,5,,0,4
363,136,60,29,24,10,12,8,,0,0
364,136,61,29,24,10,12,8,,10,1
365,136,62,29,24,8,0,10,,10,5
366,136,63,29,24,0,0,4,,10,7
367,136,64,29,24,0,0,0,,6,0
368,136,54,30,24,6,2,6,3,12,1
369,136,55,30,24,6,2,6,3,5,7
370,136,56,30,24,6,2,6,,3,7
371,136,57,30,24,2,8,6,,12,4
372,136,58,30,24,5,4,5,,6,1
373,136,59,30,24,5,12,5,,10,4
374,1048,60,30,24,10,12,8,,10,0
375,136,61,30,24,8,12,8,,0,1
376,1107,62,30,24,8,0,10,,0,5
377,1107,63,30,24,0,0,4,,0,7
378,1107,64,30,24,0,0,0,,0,0
379,136,55,31,24,2,2,6,3,12,10
380,136,56,31,24,2,2,6,3,3,5
381,136,57,31,24,2,8,6,,1,10
382,1048,58,31,24,5,4,5,,0,1
383,1048,59,31,24,5,12,5,,10,7
384,1048,60,31,24,5,12,8,,6,0
385,1048,61,31,24,5,12,8,,6,10
386,1107,62,31,24,8,0,10,,6,8
387,1107,63,31,24,0,0,4,4,6,7
388,1107,64,31,24,0,0,0,4,6,0
389,136,54,32,24,12,8,6,,9,5
390,136,55,32,24,2,8,6,,12,12
391,136,56,32,24,2,8,9,,3,6
392,136,57,32,24,2,8,2,,6,12
393,1048,58,32,24,5,4,5,,0,10
394,1048,59,32,24,5,4,5,,0,1
395,1048,60,32,24,5,4,8,4,12,0
396,1048,61,32,24,5,12,8,,9,8
397,1107,62,32,24,8,0,10,,0,12
398,1107,63,32,24,0,0,4,4,0,1
399,1107,64,32,24,0,0,0,4,6,0
400,661,54,33,24,12,8,1,,9,5
401,136,55,33,24,12,8,9,,12,2
402,1048,56,33,24,12,8,9,,12,11
403,1048,57,33,24,12,8,1,,6,6
404,1048,58,33,24,5,4,1,,6,5
405,1048,59,33,24,5,4,1,,9,10
406,1048,61,33,24,8,4,8,,6,8
407,1107,62,33,24,8,0,10,,10,12
408,1107,63,33,24,0,0,12,2,4,1
409,1107,64,33,24,0,0,12,4,5,0
410,661,54,34,24,12,8,11,,1,10
411,661,55,34,24,12,8,1,,1,6
412,978,56,34,24,12,8,9,,12,11
413,1048,57,34,24,7,8,1,,1,3
414,1048,58,34,24,7,3,1,,9,5
415,1048,59,34,24,7,3,1,,6,10
416,1107,62,34,24,8,12,12,,4,12
417,1107,63,34,24,0,0,12,4,1,7
418,661,54,35,24,11,8,11,,6,7
419,661,55,35,24,11,3,11,,6,12
420,978,56,35,24,7,3,3,,12,3
421,978,57,35,24,7,3,3,,12,5
422,978,58,35,24,7,3,3,,6,10
423,307,59,35,24,7,3,3,,4,1
424,1107,63,35,24,4,0,12,10,8,4
425,307,53,36,24,1,1,7,,6,9
426,661,54,36,24,1,1,7,,10,9
427,978,56,36,24,4,10,7,6,9,1
428,978,57,36,24,4,3,3,8,9,4
429,978,58,36,24,4,12,3,8,7,7
430,307,59,36,24,4,12,3,,2,4
431,978,58,37,24,1,5,7,6,11,9
432,136,54,27,25,6,1,6,,9,9
433,136,57,27,25,3,7,2,,7,4
434,136,58,27,25,3,7,5,,7,7
435,136,59,27,25,3,7,5,,7,1
436,136,60,27,25,10,7,8,,7,0
437,136,61,27,25,10,11,8,,2,1
438,136,62,27,25,8,11,10,,2,1
439,136,63,27,25,8,11,4,,11,7
440,136,64,27,25,8,11,0,,2,0
441,136,54,28,25,6,2,6,,12,4
442,136,57,28,25,9,1,2,,0,4
443,1048,58,28,25,9,5,2,,10,7
444,136,59,28,25,5,7,5,,6,7
445,136,60,28,25,10,12,8,,0,0
446,136,61,28,25,10,11,8,,10,1
447,136,62,28,25,8,11,10,,10,10
448,136,63,28,25,8,11,4,,10,7
449,136,64,28,25,0,11,0,,10,0
450,136,54,29,25,6,2,6,,12,7
451,136,55,29,25,6,2,6,,12,9
452,1048,56,29,25,6,2,6,,5,9
453,136,57,29,25,2,2,6,,1,4
454,1048,58,29,25,2,1,2,,1,4
455,136,59,29,25,5,4,2,,9,4
456,1048,60,29,25,5,4,2,,9,0
457,1048,61,29,25,5,4,8,,9,7
458,1107,62,29,25,5,0,10,,9,10
459,1107,63,29,25,0,0,4,,6,7
460,1107,64,29,25,0,0,0,,6,0
461,136,54,30,25,6,2,6,,12,7
462,136,55,30,25,6,2,6,,12,4
463,136,56,30,25,6,2,6,,3,4
464,1048,57,30,25,2,2,6,,5,4
465,1048,58,30,25,2,8,2,,12,4
466,1048,59,30,25,5,4,2,7,9,9
467,1048,60,30,25,5,4,2,7,9,0
468,1048,61,30,25,5,4,2,,9,1
469,1107,62,30,25,5,4,10,,9,5
470,1107,63,30,25,5,4,4,4,6,7
471,1107,64,30,25,0,0,0,4,6,0
472,1048,54,31,25,2,2,6,,1,1
473,136,55,31,25,2,2,6,,1,7
474,1048,56,31,25,6,2,6,,3,1
475,1048,57,31,25,2,2,6,,5,7
476,1048,58,31,25,2,8,2,7,12,4
477,1048,59,31,25,5,4,2,7,1,4
478,1048,60,31,25,5,4,2,7,1,0
479,1048,61,31,25,5,4,2,,1,10
480,1107,62,31,25,5,4,10,,9,8
481,1107,63,31,25,5,4,4,4,9,7
482,1107,64,31,25,5,4,0,4,9,0
483,1048,54,32,25,12,8,6,,9,10
484,136,55,32,25,12,8,6,,1,10
485,1048,56,32,25,2,8,9,,5,3
486,1048,57,32,25,2,8,6,3,12,10
487,1048,58,32,25,2,8,1,7,12,1
488,1048,59,32,25,5,8,1,7,12,7
489,1048,60,32,25,5,8,2,7,5,0
490,1048,61,32,25,5,4,2,,12,5
491,1107,62,32,25,5,4,10,,1,12
492,1107,63,32,25,5,4,4,4,9,7
493,1107,64,32,25,5,4,0,4,1,0
494,1048,54,33,25,12,8,1,,9,5
495,1048,55,33,25,12,8,1,,9,12
496,1048,56,33,25,12,8,9,,5,6
497,1048,57,33,25,12,8,1,7,12,12
498,1048,58,33,25,12,8,1,7,12,10
499,1048,59,33,25,7,8,1,7,12,1
500,1048,61,33,25,5,4,1,,12,5
501,1107,62,33,25,5,4,12,,9,12
502,1107,63,33,25,5,4,12,4,9,7
503,1107,64,33,25,9,8,12,1,3,0
504,307,53,34,25,12,8,11,,9,9
505,1048,54,34,25,12,8,11,,6,10
506,978,55,34,25,7,3,1,,6,12
507,1048,56,34,25,7,8,9,,12,2
508,978,57,34,25,7,8,1,,12,12
509,1048,58,34,25,7,3,1,,9,5
510,307,59,34,25,7,3,1,,6,1
511,1048,61,34,25,7,4,12,,9,10
512,1107,62,34,25,5,4,12,4,9,12
513,307,53,35,25,1,1,11,,10,9
514,978,55,35,25,7,3,11,,10,5
515,978,57,35,25,7,3,3,,12,10
516,307,58,35,25,7,3,3,,6,1
517,307,59,35,25,7,3,3,,7,7
518,307,60,35,25,7,3,3,5,10,0
519,978,55,36,25,1,10,7,,7,7
520,307,58,36,25,4,12,3,,7,7
521,136,60,26,26,3,11,8,,2,0
522,970,57,27,26,3,7,2,,2,4
523,970,58,27,26,3,7,5,,11,4
524,136,59,27,26,3,7,5,,2,7
525,136,60,27,26,3,7,8,,11,0
526,136,61,27,26,3,11,8,,2,1
527,1048,54,28,26,6,2,6,,9,4
528,1048,55,28,26,6,1,6,,6,10
529,1048,56,28,26,9,1,6,,4,4
530,970,57,28,26,9,5,2,,7,4
531,1048,58,28,26,9,5,2,,4,7
532,1048,59,28,26,9,7,2,,0,4
533,1048,60,28,26,3,7,2,,10,0
534,1048,61,28,26,3,7,8,,10,7
535,773,62,28,26,3,6,10,,0,10
536,1107,63,28,26,3,6,4,,4,7
537,1107,64,28,26,3,6,0,,10,0
538,1048,54,29,26,6,2,6,,12,9
539,1048,55,29,26,6,2,6,3,1,9
540,1048,56,29,26,6,2,6,,9,9
541,1048,57,29,26,2,1,6,3,6,4
542,1048,58,29,26,2,1,2,1,9,7
543,1048,59,29,26,9,1,2,1,1,4
544,1048,60,29,26,9,4,2,1,1,0
545,1048,61,29,26,9,4,2,,9,4
546,1107,62,29,26,5,4,10,,6,10
547,1107,63,29,26,3,6,4,,6,4
548,1107,64,29,26,3,6,0,,6,0
549,1048,54,30,26,6,2,6,3,5,4
550,1048,55,30,26,6,2,6,3,12,9
551,1048,56,30,26,6,2,6,3,5,9
552,1048,57,30,26,2,2,6,3,12,4
553,1048,58,30,26,2,8,6,3,1,7
554,1048,59,30,26,2,8,2,7,12,9
555,1048,60,30,26,2,8,2,7,5,0
556,1048,61,30,26,2,1,2,,12,7
557,1107,62,30,26,5,4,2,,6,10
558,1107,63,30,26,5,4,4,4,6,4
559,1107,64,30,26,5,4,0,4,9,0
560,1048,54,31,26,2,2,6,3,12,7
561,1048,55,31,26,2,8,6,3,1,9
562,1048,56,31,26,2,2,6,3,12,4
563,1048,57,31,26,2,2,6,3,5,4
564,1048,58,31,26,2,8,6,7,12,4
565,1048,59,31,26,2,8,2,7,12,4
566,1048,60,31,26,2,8,2,7,5,0
567,1048,61,31,26,2,8,2,,5,1
568,1107,62,31,26,2,8,2,,12,5
569,1107,63,31,26,9,4,2,1,9,7
570,1107,64,31,26,9,4,0,1,9,0
571,1048,54,32,26,12,8,1,7,9,1
572,1048,55,32,26,12,8,1,7,9,4
573,1048,56,32,26,2,8,9,7,12,1
574,1048,57,32,26,2,8,6,3,12,7
575,1048,58,32,26,2,8,1,7,5,7
576,1048,59,32,26,12,8,1,7,12,7
577,1048,60,32,26,2,8,2,7,5,0
578,1048,61,32,26,2,8,2,,5,10
579,1107,62,32,26,2,8,2,1,5,8
580,1107,63,32,26,2,8,2,1,1,7
581,1107,64,32,26,2,8,0,1,12,0
582,307,53,33,26,12,8,2,,12,9
583,1048,54,33,26,12,8,1,,1,1
584,1048,55,33,26,12,8,1,7,6,7
585,1048,56,33,26,12,8,9,7,12,5
586,1048,57,33,26,12,8,1,7,12,10
587,1048,58,33,26,12,8,1,7,12,10
588,1048,59,33,26,7,8,1,7,9,1
589,1048,60,33,26,12,8,1,7,5,0
590,1107,62,33,26,2,8,2,,5,8
591,307,53,34,26,12,8,11,,1,9
592,307,54,34,26,7,3,11,,9,7
593,307,55,34,26,7,3,1,,10,1
594,1048,56,34,26,7,3,9,,1,8
595,1048,57,34,26,7,3,1,,12,10
596,1048,58,34,26,7,3,1,,9,10
597,307,59,34,26,7,3,1,,10,1
598,1048,60,34,26,7,3,1,,9,0
599,307,54,35,26,4,4,11,8,0,4
600,307,55,35,26,4,3,11,,4,7
601,307,56,35,26,7,3,3,,1,10
602,307,57,35,26,7,3,3,,12,7
603,307,58,35,26,7,3,3,,6,1
604,307,59,35,26,7,3,3,8,7,7
605,307,60,35,26,7,3,3,5,10,0
606,307,55,36,26,1,5,7,6,7,9
607,307,57,36,26,4,12,3,8,0,4
608,307,58,36,26,4,12,3,8,4,4
609,773,60,26,27,3,9,8,,11,0
610,970,55,27,27,9,5,6,,7,12
611,970,56,27,27,9,5,2,,7,4
612,970,57,27,27,3,7,2,5,11,4
613,970,58,27,27,3,7,5,,11,4
614,970,59,27,27,3,7,5,,11,4
615,773,61,27,27,3,6,8,,7,1
616,773,62,27,27,3,6,10,9,4,10
617,1048,54,28,27,6,2,6,3,1,4
618,1048,55,28,27,6,1,6,1,0,5
619,970,56,28,27,9,1,6,,4,4
620,970,57,28,27,9,5,2,,7,7
621,970,58,28,27,9,5,2,,4,7
622,1048,59,28,27,9,5,2,,0,4
623,1048,60,28,27,9,7,2,,0,0
624,773,61,28,27,3,7,2,,10,7
625,773,62,28,27,3,6,10,,10,10
626,773,63,28,27,3,6,4,9,7,7
627,773,64,28,27,3,6,0,,7,0
628,1048,54,29,27,6,2,6,3,5,9
629,1048,55,29,27,6,2,6,3,12,9
630,1048,56,29,27,6,2,6,3,9,9
631,1048,57,29,27,2,2,6,3,6,7
632,1048,58,29,27,2,1,6,1,9,7
633,1048,59,29,27,9,1,2,1,1,9
634,1048,60,29,27,9,1,2,1,1,0
635,1048,61,29,27,9,5,2,,6,4
636,773,62,29,27,3,5,2,,10,10
637,773,63,29,27,3,6,4,,4,4
638,773,64,29,27,3,6,0,,0,0
639,1048,54,30,27,6,2,6,3,12,9
640,1048,55,30,27,6,2,6,3,5,9
641,1048,56,30,27,6,2,6,3,12,9
642,1048,57,30,27,2,2,6,3,12,4
643,1048,58,30,27,2,2,6,3,1,7
644,1048,59,30,27,2,2,6,3,5,4
645,1048,60,30,27,2,2,6,3,3,0
646,1048,61,30,27,2,1,6,,5,7
647,1107,62,30,27,9,1,2,,9,10
648,1107,63,30,27,9,5,2,,9,4
649,1107,64,30,27,9,5,0,,1,0
650,1048,54,31,27,2,2,6,3,1,4
651,1048,55,31,27,2,8,6,3,12,9
652,1048,56,31,27,2,2,6,3,12,9
653,1048,57,31,27,2,2,6,3,5,9
654,1048,58,31,27,2,2,6,3,12,7
655,1048,59,31,27,2,2,6,3,5,4
656,1048,60,31,27,2,2,6,3,3,0
657,1107,62,31,27,2,2,6,,5,10
658,1107,63,31,27,2,1,6,1,12,4
659,1048,54,32,27,12,8,1,7,1,4
660,1048,55,32,27,12,8,1,7,9,9
661,1048,56,32,27,2,8,9,7,5,9
662,1048,57,32,27,2,2,6,3,5,4
663,1048,58,32,27,2,8,1,7,5,7
664,1048,60,32,27,2,2,6,3,3,0
665,1107,62,32,27,6,2,6,3,5,5
666,307,53,33,27,12,8,2,,1,9
667,1048,54,33,27,12,8,1,,1,4
668,1048,55,33,27,12,8,1,7,6,9
669,1048,56,33,27,12,8,9,7,5,4
670,1048,57,33,27,12,8,1,7,12,7
671,1048,58,33,27,12,8,1,7,12,1
672,1048,59,33,27,12,8,1,7,12,7
673,1048,60,33,27,2,8,1,7,5,0
674,307,53,34,27,12,8,11,1,1,9
675,307,54,34,27,7,3,11,8,6,9
676,307,55,34,27,7,3,1,,0,4
677,1048,56,34,27,7,3,9,,12,7
678,1048,57,34,27,7,8,1,,12,7
679,1048,58,34,27,7,8,1,,12,10
680,307,59,34,27,7,3,1,,0,1
681,307,54,35,27,4,4,11,8,10,9
682,307,55,35,27,4,3,11,8,4,9
683,307,56,35,27,7,3,3,8,12,7
684,307,57,35,27,7,3,3,,1,4
685,307,58,35,27,7,3,3,,6,1
686,307,55,36,27,1,5,7,6,7,9
687,970,56,26,28,6,2,6,3,7,9
688,773,60,26,28,3,9,8,5,11,0
689,970,55,27,28,6,1,6,,4,1
690,970,58,27,28,3,7,2,5,11,9
691,970,59,27,28,3,9,2,,2,4
692,773,60,27,28,3,9,8,,7,0
693,773,61,27,28,3,9,8,5,10,1
694,773,62,27,28,3,3,10,9,6,5
695,1048,54,28,28,6,2,6,3,1,9
696,1048,55,28,28,6,2,6,3,9,1
697,1048,60,28,28,9,5,2,,9,0
698,773,61,28,28,3,5,2,5,6,7
699,773,62,28,28,3,6,10,9,0,10
700,773,63,28,28,3,6,4,9,10,7
701,1048,54,29,28,6,2,6,3,5,9
702,1048,55,29,28,6,2,6,3,5,9
703,1048,57,29,28,6,2,6,3,9,4
704,1048,61,29,28,9,1,2,,1,7
705,773,62,29,28,9,5,2,10,10,10
706,773,63,29,28,3,6,4,9,4,4
707,773,64,29,28,3,6,0,9,10,0
708,1048,54,30,28,6,2,6,3,1,9
709,1048,55,30,28,6,2,6,3,12,9
710,1048,57,30,28,6,2,6,3,5,9
711,773,63,30,28,9,5,2,1,1,7
712,773,64,30,28,9,5,0,10,12,0
713,1048,54,31,28,12,8,6,3,6,4
714,1048,55,31,28,2,8,6,3,6,9
715,1048,54,32,28,12,8,1,7,6,4
716,1048,55,32,28,12,8,1,7,0,9
717,307,54,33,28,12,3,1,,9,4
718,1048,55,33,28,12,3,1,7,9,9
719,1048,56,33,28,12,8,9,7,5,9
720,1048,58,33,28,12,8,1,7,5,1
721,307,53,34,28,12,4,11,8,10,9
722,307,54,34,28,7,3,11,8,6,9
723,1048,55,34,28,7,3,1,,6,9
724,1048,59,34,28,7,8,1,,1,7
725,307,54,35,28,4,4,11,8,10,9
726,307,55,35,28,4,3,11,8,4,4
727,307,56,35,28,7,3,3,8,1,9
728,307,57,35,28,7,3,3,,9,9
729,307,58,35,28,7,3,3,,9,7
730,307,54,36,28,1,5,7,6,4,9
731,307,57,36,28,4,3,3,8,0,9
732,970,56,26,29,6,2,6,3,7,9
733,773,60,26,29,3,9,8,5,11,0
734,970,55,27,29,6,1,6,,7,7
735,970,57,27,29,9,5,2,5,11,9
736,970,58,27,29,3,7,2,5,11,9
737,970,59,27,29,3,7,5,,11,4
738,773,60,27,29,3,9,8,,2,0
739,773,61,27,29,3,9,8,5,7,1
740,773,62,27,29,3,6,10,9,7,5
741,1048,54,28,29,6,2,6,3,1,9
742,1048,55,28,29,6,2,6,3,0,4
743,773,60,28,29,9,5,2,,0,0
744,773,61,28,29,3,5,2,5,0,7
745,773,62,28,29,3,6,10,9,10,1
746,773,63,28,29,3,6,4,9,4,7
747,773,64,28,29,3,6,0,9,7,0
748,1048,54,29,29,6,2,6,3,5,9
749,1048,55,29,29,6,2,6,3,12,9
750,1048,57,29,29,6,2,6,3,6,9
751,1048,61,29,29,9,1,2,,9,7
752,773,62,29,29,9,5,2,9,10,10
753,773,63,29,29,3,6,4,9,4,4
754,773,64,29,29,3,6,0,9,10,0
755,1048,54,30,29,6,2,6,3,12,9
756,1048,55,30,29,6,2,6,3,12,9
757,1048,57,30,29,6,2,6,3,12,9
758,1048,59,30,29,6,2,6,3,3,4
759,773,63,30,29,9,5,2,1,9,7
760,773,64,30,29,9,5,0,10,12,0
761,1048,54,31,29,2,8,6,3,9,4
762,1048,55,31,29,2,8,6,3,9,9
763,1048,60,31,29,6,2,6,3,3,0
764,1048,54,32,29,12,8,1,7,9,7
765,1048,55,32,29,12,8,1,7,6,9
766,1048,56,32,29,2,8,9,7,12,9
767,307,54,33,29,12,8,1,,9,4
768,1048,55,33,29,12,8,1,7,9,9
769,1048,56,33,29,12,8,9,7,5,9
770,1048,58,33,29,12,8,1,7,5,1
771,307,53,34,29,12,4,11,8,0,9
772,307,54,34,29,7,3,11,8,9,9
773,1048,55,34,29,7,3,1,,6,4
774,1048,58,34,29,7,8,1,,5,1
775,1048,59,34,29,7,3,1,,12,4
776,307,54,35,29,4,4,11,8,0,9
777,307,55,35,29,4,3,11,8,0,4
778,307,56,35,29,7,3,3,8,1,9
779,307,57,35,29,7,3,3,,1,9
780,307,58,35,29,7,3,3,,6,7
781,773,60,26,30,3,9,8,,11,0
782,970,55,27,30,9,5,2,,11,7
783,970,56,27,30,9,5,2,,11,9
784,970,57,27,30,3,7,2,5,2,4
785,970,58,27,30,3,7,5,,11,9
786,970,59,27,30,3,7,5,,11,4
787,773,61,27,30,3,6,8,,11,1
788,773,62,27,30,3,11,10,,11,10
789,1048,54,28,30,6,2,6,3,6,9
790,1048,55,28,30,9,1,6,1,10,4
791,970,56,28,30,9,1,6,,2,9
792,970,57,28,30,9,5,2,,2,9
793,970,58,28,30,9,5,2,,2,9
794,1048,59,28,30,3,7,2,,7,9
795,1048,60,28,30,3,7,2,,4,0
796,773,61,28,30,3,7,8,,7,1
797,773,62,28,30,3,6,10,,7,1
798,773,63,28,30,3,6,4,,7,7
799,773,64,28,30,3,6,0,,7,0
800,1048,54,29,30,6,2,6,3,1,9
801,1048,55,29,30,6,2,6,3,1,9
802,1048,56,29,30,6,2,6,3,6,9
803,1048,57,29,30,2,1,6,1,10,9
804,1048,58,29,30,9,1,2,1,0,4
805,1048,59,29,30,9,1,2,1,1,9
806,1048,60,29,30,9,1,2,1,12,0
807,1048,61,29,30,9,5,2,,9,1
808,773,62,29,30,5,5,10,,0,5
809,773,63,29,30,3,6,4,,10,7
810,773,64,29,30,3,6,0,,0,0
811,1048,54,30,30,6,2,6,3,12,4
812,1048,55,30,30,6,2,6,3,12,9
813,1048,56,30,30,6,2,6,3,1,9
814,1048,57,30,30,2,2,6,3,1,9
815,1048,58,30,30,2,2,6,3,12,7
816,1048,59,30,30,2,8,2,7,5,4
817,1048,60,30,30,2,8,2,7,5,0
818,1048,61,30,30,2,1,2,,12,1
819,1107,62,30,30,9,4,2,,9,8
820,1107,63,30,30,9,5,4,,6,7
821,1107,64,30,30,5,4,0,,9,0
822,1048,54,31,30,2,2,6,3,1,7
823,1048,55,31,30,2,8,6,3,12,9
824,1048,56,31,30,2,2,6,3,1,9
825,1048,57,31,30,2,2,6,3,12,9
826,1048,58,31,30,2,8,6,3,12,4
827,1048,59,31,30,2,8,2,7,12,4
828,1048,60,31,30,2,8,2,7,5,0
829,1107,62,31,30,2,1,2,,12,5
830,1107,63,31,30,9,1,2,1,12,7
831,1048,54,32,30,12,8,1,7,9,7
832,1048,55,32,30,12,8,1,7,1,9
833,1048,56,32,30,2,8,9,7,12,9
834,1048,57,32,30,2,8,6,3,1,9
835,1048,58,32,30,2,8,1,7,1,7
836,1048,60,32,30,2,8,1,7,3,0
837,1107,62,32,30,2,8,2,1,12,8
838,307,53,33,30,12,8,2,,9,9
839,1048,54,33,30,12,8,1,,1,7
840,1048,55,33,30,12,8,1,7,6,9
841,1048,56,33,30,12,8,9,7,5,9
842,1048,57,33,30,12,8,1,7,1,4
843,1048,58,33,30,12,8,1,7,12,1
844,1048,59,33,30,12,8,1,7,1,4
845,1048,60,33,30,12,8,1,7,5,0
846,307,53,34,30,12,8,11,7,9,9
847,307,54,34,30,7,3,11,8,1,9
848,307,55,34,30,7,3,1,,6,4
849,1048,56,34,30,7,3,9,,5,9
850,1048,57,34,30,7,3,1,,12,9
851,1048,58,34,30,7,3,1,,12,1
852,307,59,34,30,7,3,1,,9,4
853,307,54,35,30,4,4,11,8,6,9
854,307,55,35,30,4,3,11,8,6,9
855,307,56,35,30,7,3,3,8,12,9
856,307,57,35,30,7,3,3,,1,9
857,307,58,35,30,7,3,3,,6,7
858,307,55,36,30,1,5,7,6,10,9
859,136,60,26,31,10,11,8,,11,0
860,1048,54,27,31,9,1,6,,4,4
861,970,57,27,31,3,7,2,,2,4
862,970,58,27,31,3,7,5,,2,9
863,136,59,27,31,3,7,5,,11,7
864,136,60,27,31,3,7,8,,11,0
865,136,61,27,31,10,11,8,,11,1
866,136,62,27,31,8,11,10,,11,1
867,136,63,27,31,8,11,4,,11,1
868,1048,54,28,31,6,2,6,,1,4
869,1048,55,28,31,6,1,6,,6,1
870,1048,56,28,31,9,1,6,,10,9
871,1048,57,28,31,9,5,2,,7,9
872,1048,58,28,31,9,5,2,,7,9
873,1048,59,28,31,5,7,5,,7,4
874,1048,60,28,31,10,7,8,,4,0
875,1048,61,28,31,10,11,8,,2,1
876,773,62,28,31,8,11,10,,7,1
877,1107,63,28,31,8,6,4,,10,7
878,1107,64,28,31,0,11,0,,10,0
879,1048,54,29,31,6,2,6,,5,4
880,1048,55,29,31,6,2,6,,5,9
881,1048,56,29,31,6,2,6,,1,9
882,1048,57,29,31,2,2,6,,0,9
883,1048,58,29,31,9,1,2,1,6,4
884,1048,59,29,31,9,4,2,7,9,4
885,1048,60,29,31,5,4,2,7,9,0
886,1048,61,29,31,5,4,2,,6,1
887,1107,62,29,31,5,4,10,,6,8
888,1107,63,29,31,0,0,4,,9,7
889,1107,64,29,31,0,0,0,,9,0
890,1048,54,30,31,6,2,6,3,5,4
891,1048,55,30,31,6,2,6,,5,9
892,1048,56,30,31,6,2,6,,5,9
893,1048,57,30,31,2,2,6,3,12,9
894,1048,58,30,31,2,8,6,7,12,4
895,1048,59,30,31,2,8,2,7,12,4
896,1048,60,30,31,5,8,2,7,12,0
897,1048,61,30,31,5,4,2,,1,1
898,1107,62,30,31,5,4,10,,9,12
899,1107,63,30,31,5,4,4,4,6,7
900,1107,64,30,31,0,4,0,4,6,0
901,1048,54,31,31,2,2,6,3,12,7
902,1048,55,31,31,2,2,6,3,5,9
903,1048,56,31,31,2,2,6,3,3,9
904,1048,57,31,31,2,2,6,3,5,9
905,1048,58,31,31,2,8,2,7,5,4
906,1048,59,31,31,2,8,2,7,12,7
907,1048,60,31,31,12,8,2,7,5,0
908,1048,61,31,31,5,4,2,,12,1
909,1107,62,31,31,5,4,10,,9,8
910,1107,63,31,31,5,4,4,4,6,7
911,1107,64,31,31,5,4,0,4,9,0
912,1048,54,32,31,12,8,6,7,1,7
913,1048,55,32,31,12,8,6,7,1,9
914,1048,56,32,31,2,8,9,3,5,9
915,1048,57,32,31,2,8,6,3,5,4
916,1048,58,32,31,2,8,1,7,12,4
917,1048,59,32,31,12,8,1,7,12,7
918,1048,60,32,31,12,8,2,7,5,0
919,1048,61,32,31,5,8,2,,12,10
920,1107,62,32,31,5,4,10,4,1,8
921,1107,63,32,31,5,4,4,4,9,7
922,1107,64,32,31,9,4,0,4,12,0
923,307,53,33,31,12,8,2,,9,9
924,1048,54,33,31,12,8,1,,9,7
925,1048,55,33,31,12,8,1,7,6,9
926,1048,56,33,31,12,8,9,7,5,9
927,1048,57,33,31,12,8,1,7,5,4
928,1048,58,33,31,12,8,1,7,12,7
929,1048,59,33,31,7,8,1,7,1,7
930,1048,60,33,31,7,8,1,7,5,0
931,1107,62,33,31,5,4,10,,12,12
932,307,53,34,31,12,8,11,,6,9
933,307,54,34,31,7,3,11,,1,9
934,307,55,34,31,7,3,1,,6,9
935,1048,56,34,31,7,3,9,,12,9
936,1048,57,34,31,7,3,1,,5,4
937,1048,58,34,31,7,3,1,,12,1
938,307,59,34,31,7,3,1,,9,7
939,1048,60,34,31,7,3,1,,12,0
940,1048,61,34,31,7,4,12,,12,10
941,1107,62,34,31,5,4,12,,12,12
942,307,54,35,31,4,3,11,8,9,9
943,307,55,35,31,7,3,11,,6,9
944,307,56,35,31,7,3,3,,12,9
945,307,57,35,31,7,3,3,,1,9
946,307,58,35,31,7,3,3,,9,1
947,307,59,35,31,7,3,3,12,0,4
948,307,60,35,31,7,3,3,5,6,0
949,307,54,36,31,1,5,7,6,0,9
950,307,55,36,31,1,5,7,6,10,9
951,307,57,36,31,4,12,3,8,9,9
952,307,58,36,31,4,12,3,8,4,7
953,136,57,27,32,3,7,2,,2,4
954,136,58,27,32,3,7,5,,7,7
955,136,59,27,32,10,7,5,,2,1
956,136,60,27,32,10,11,8,,2,0
957,136,61,27,32,10,11,8,,2,1
958,136,62,27,32,8,11,10,,11,10
959,136,63,27,32,8,11,4,,11,7
960,136,64,27,32,0,11,0,,2,0
961,136,54,28,32,6,2,6,,5,4
962,136,57,28,32,9,1,2,,4,9
963,1048,58,28,32,5,5,5,,4,7
964,136,59,28,32,10,12,5,,7,1
965,136,60,28,32,10,11,8,,2,0
966,136,61,28,32,10,11,8,,2,1
967,136,62,28,32,8,11,10,,7,10
968,136,63,28,32,8,11,4,,10,7
969,136,64,28,32,0,0,0,,6,0
970,136,54,29,32,6,2,6,,3,4
971,136,55,29,32,6,2,6,,3,9
972,136,56,29,32,6,2,6,,12,9
973,136,57,29,32,2,2,6,,6,9
974,1048,58,29,32,5,1,2,,0,7
975,136,59,29,32,5,4,5,,0,1
976,1048,60,29,32,10,4,8,,10,0
977,1048,61,29,32,10,12,8,,10,1
978,1107,62,29,32,8,0,10,,0,8
979,1107,63,29,32,0,0,4,,9,7
980,1107,64,29,32,0,0,0,,1,0
981,136,54,30,32,6,2,6,,3,4
982,136,55,30,32,6,2,6,,3,9
983,136,56,30,32,6,2,6,,3,9
984,136,57,30,32,2,2,6,,12,4
985,1048,58,30,32,5,4,2,,9,4
986,1048,59,30,32,5,4,5,4,6,1
987,1048,60,30,32,5,4,8,4,6,0
988,1048,61,30,32,5,4,8,,6,1
989,1107,62,30,32,8,0,10,,6,12
990,1107,63,30,32,0,0,4,4,6,7
991,1107,64,30,32,0,0,0,4,9,0
992,1048,54,31,32,2,2,6,,5,4
993,136,55,31,32,6,2,6,,3,9
994,136,56,31,32,6,2,6,,3,4
995,1048,57,31,32,2,8,6,,5,7
996,1048,58,31,32,5,4,2,7,1,4
997,1048,59,31,32,5,4,5,4,9,1
998,1048,60,31,32,5,4,8,4,9,0
999,1048,61,31,32,5,4,8,,9,1
1000,1107,62,31,32,5,4,10,,6,12
1001,1107,63,31,32,0,0,4,4,0,7
1002,1107,64,31,32,0,0,0,4,6,0
1003,1048,54,32,32,12,8,6,,12,4
1004,136,55,32,32,2,8,6,,12,4
1005,1048,56,32,32,2,8,9,,3,4
1006,1048,57,32,32,2,8,6,7,12,1
1007,1048,58,32,32,5,4,1,7,9,7
1008,1048,59,32,32,5,4,5,4,1,1
1009,1048,60,32,32,5,4,8,4,1,0
1010,1048,61,32,32,5,4,8,,9,10
1011,1107,62,32,32,8,4,10,,9,8
1012,1107,63,32,32,0,0,4,4,0,7
1013,1107,64,32,32,0,0,0,4,6,0
1014,1048,54,33,32,12,8,1,,9,4
1015,1048,55,33,32,12,8,9,,1,4
1016,1048,56,33,32,12,8,9,,5,4
1017,1048,57,33,32,12,8,1,7,12,1
1018,1048,58,33,32,12,8,1,7,9,1
1019,1048,59,33,32,5,4,1,7,1,1
1020,1048,61,33,32,5,4,8,,9,10
1021,1107,62,33,32,8,4,10,,9,12
1022,1107,63,33,32,0,0,12,4,6,1
1023,1107,64,33,32,0,4,12,4,1,0
1024,307,53,34,32,12,8,11,,9,9
1025,1048,54,34,32,12,3,11,,1,9
1026,978,55,34,32,12,3,1,,1,4
1027,1048,56,34,32,12,8,9,,1,4
1028,978,57,34,32,7,8,1,,12,7
1029,1048,58,34,32,7,3,1,,12,1
1030,307,59,34,32,7,3,1,,9,1
1031,1048,61,34,32,7,4,12,,9,1
1032,1107,62,34,32,8,0,12,,9,12
1033,307,53,35,32,9,1,11,,9,9
1034,1048,54,35,32,11,3,11,,1,9
1035,978,55,35,32,11,3,11,,1,9
1036,978,57,35,32,7,3,3,,12,4
1037,307,58,35,32,7,3,3,,9,10
1038,307,59,35,32,7,3,3,,0,1
1039,307,60,35,32,7,12,3,,0,0
1040,978,55,36,32,1,10,7,,9,9
1041,978,57,36,32,4,12,3,,1,9
1042,307,58,36,32,4,12,3,,4,1
1043,307,59,36,32,4,12,3,5,7,4
1044,978,57,37,32,1,5,7,,10,9
1045,852,54,25,33,3,7,2,5,11,9
1046,852,54,26,33,9,5,2,1,10,9
1047,852,55,27,33,9,1,6,1,4,7
1048,136,57,27,33,3,7,5,,7,4
1049,852,60,27,33,10,11,8,,7,0
1050,852,61,27,33,10,11,8,,7,1
1051,852,62,27,33,8,11,10,,7,10
1052,1098,63,27,33,8,11,4,,2,7
1053,1098,64,27,33,0,11,0,,4,0
1054,136,54,28,33,6,2,6,,5,9
1055,852,55,28,33,6,2,6,,1,4
1056,852,56,28,33,9,1,6,,10,9
1057,136,57,28,33,9,5,2,,4,4
1058,136,58,28,33,5,4,5,,4,1
1059,852,59,28,33,10,12,5,,7,5
1060,852,60,28,33,10,11,8,,11,0
1061,136,61,28,33,10,11,8,,11,1
1062,136,62,28,33,8,11,10,,2,5
1063,136,63,28,33,8,11,4,,7,7
1064,136,64,28,33,0,0,0,,0,0
1065,1098,65,28,33,0,0,0,,12,0
1066,136,54,29,33,6,2,6,,3,4
1067,136,55,29,33,6,2,6,,3,9
1068,136,56,29,33,6,2,6,,1,9
1069,136,57,29,33,2,1,2,,0,4
1070,136,58,29,33,5,4,5,,4,1
1071,136,59,29,33,10,12,5,,7,5
1072,136,60,29,33,10,11,8,,7,0
1073,136,61,29,33,10,11,8,,7,1
1074,136,62,29,33,8,11,10,,7,5
1075,136,63,29,33,0,0,4,,10,7
1076,136,64,29,33,0,0,0,,9,0
1077,136,54,30,33,6,2,6,3,3,4
1078,136,55,30,33,6,2,6,3,3,4
1079,136,56,30,33,6,2,6,3,5,4
1080,136,57,30,33,12,8,2,,9,7
1081,136,58,30,33,5,4,5,,10,1
1082,136,59,30,33,10,12,5,,7,5
1083,1048,60,30,33,10,12,8,,10,0
1084,136,61,30,33,8,12,8,,10,1
1085,1107,62,30,33,8,0,10,,10,8
1086,136,63,30,33,0,0,4,,0,7
1087,1107,64,30,33,0,0,0,,6,0
1088,136,55,31,33,2,2,6,3,3,4
1089,136,56,31,33,2,8,9,3,3,7
1090,136,57,31,33,5,4,2,,1,10
1091,1048,58,31,33,5,4,5,,10,1
1092,136,59,31,33,10,12,5,,4,10
1093,1048,60,31,33,10,12,8,,10,0
1094,1048,61,31,33,8,12,8,,10,1
1095,1107,62,31,33,8,0,10,,0,12
1096,1107,63,31,33,0,0,4,2,0,1
1097,1107,64,31,33,0,0,0,4,6,0
1098,136,54,32,33,12,8,6,,1,4
1099,136,55,32,33,12,8,6,,12,7
1100,136,56,32,33,2,8,9,,3,1
1101,136,57,32,33,5,4,2,,6,12
1102,1048,58,32,33,5,4,5,,6,5
1103,1048,59,32,33,5,12,5,,0,10
1104,1048,60,32,33,10,12,8,12,4,0
1105,1048,61,32,33,8,12,8,,10,10
1106,1107,62,32,33,8,0,10,,0,12
1107,1107,63,32,33,8,0,4,2,10,1
1108,1107,64,32,33,0,0,0,4,0,0
1109,661,54,33,33,12,8,1,,9,4
1110,136,55,33,33,12,8,9,,12,1
1111,1048,56,33,33,12,8,9,,12,1
1112,1048,57,33,33,12,4,9,,0,12
1113,1048,58,33,33,5,4,5,,0,5
1114,1048,59,33,33,5,4,5,,9,10
1115,1048,61,33,33,8,12,8,,6,10
1116,1107,62,33,33,8,12,10,,0,12
1117,1107,63,33,33,8,0,12,2,10,1
1118,1107,64,33,33,0,0,12,4,6,0
1119,661,54,34,33,12,8,11,,1,4
1120,661,55,34,33,11,8,11,,5,1
1121,978,56,34,33,11,8,9,,1,7
1122,1048,57,34,33,12,8,1,,6,1
1123,1048,58,34,33,7,4,1,,6,10
1124,1048,59,34,33,7,12,1,,6,10
1125,1107,62,34,33,8,6,12,,10,12
1126,1107,63,34,33,8,6,12,2,12,10
1127,661,54,35,33,11,3,11,,1,9
1128,661,55,35,33,11,3,11,,1,4
1129,978,56,35,33,11,3,11,,5,9
1130,978,57,35,33,7,3,3,,1,7
1131,978,58,35,33,7,3,3,,6,8
1132,1107,63,35,33,4,6,12,10,8,1
1133,661,54,36,33,1,1,7,,10,9
1134,978,56,36,33,4,10,7,6,5,9
1135,978,57,36,33,4,10,7,8,1,9
1136,978,58,36,33,4,12,3,8,4,1
1137,307,59,36,33,4,12,3,,2,7
1138,978,58,37,33,1,5,7,6,2,9
1139,852,54,25,34,3,7,2,5,7,9
1140,852,54,26,34,9,1,2,1,0,9
1141,1098,63,26,34,8,11,4,,7,7
1142,852,54,27,34,6,2,6,1,9,9
1143,852,55,27,34,9,1,6,1,10,4
1144,852,61,27,34,10,11,8,12,10,1
1145,852,62,27,34,8,11,10,,4,10
1146,1098,63,27,34,8,11,4,,7,7
1147,1098,64,27,34,0,0,0,12,4,0
1148,852,54,28,34,6,2,6,3,5,9
1149,852,55,28,34,6,2,6,1,9,9
1150,852,56,28,34,9,1,9,1,0,4
1151,852,57,28,34,5,4,5,,0,7
1152,852,58,28,34,10,12,5,,10,10
1153,852,59,28,34,10,11,5,12,7,8
1154,852,60,28,34,10,11,8,,2,0
1155,852,61,28,34,10,11,8,,2,1
1156,852,62,28,34,8,11,10,,2,10
1157,1098,63,28,34,0,11,4,,7,7
1158,1098,64,28,34,0,0,0,12,10,0
1159,1098,65,28,34,0,0,0,12,9,0
1160,136,53,29,34,6,2,6,,3,9
1161,852,54,29,34,6,2,6,,5,4
1162,852,55,29,34,6,2,6,,12,4
1163,852,56,29,34,12,8,9,,9,4
1164,852,57,29,34,5,4,5,,6,7
1165,852,58,29,34,10,12,5,,7,5
1166,852,59,29,34,10,11,5,,11,8
1167,136,60,29,34,10,11,8,,2,0
1168,136,61,29,34,10,11,8,,2,10
1169,136,62,29,34,8,11,10,,7,5
1170,136,63,29,34,0,0,4,,4,1
1171,136,64,29,34,0,0,0,,6,0
1172,1098,65,29,34,0,0,0,,9,0
1173,136,53,30,34,2,8,6,3,5,9
1174,136,54,30,34,6,2,6,,5,4
1175,852,55,30,34,2,2,6,,12,7
1176,136,56,30,34,12,8,9,,1,7
1177,136,57,30,34,5,4,5,,6,10
1178,136,58,30,34,10,12,5,,4,5
1179,136,59,30,34,10,12,5,,7,8
1180,136,60,30,34,10,12,8,12,4,0
1181,136,61,30,34,10,12,8,12,4,10
1182,136,62,30,34,8,0,10,2,10,8
1183,136,63,30,34,0,0,4,,10,1
1184,136,64,30,34,0,0,0,,0,0
1185,136,65,30,34,0,0,0,,0,0
1186,136,53,31,34,12,8,6,3,5,4
1187,136,54,31,34,12,8,6,3,5,7
1188,136,55,31,34,12,8,6,7,9,1
1189,136,56,31,34,5,4,9,7,12,5
1190,136,57,31,34,5,4,5,12,0,3
1191,136,58,31,34,10,12,5,12,4,8
1192,136,59,31,34,10,12,5,,4,5
1193,136,61,31,34,8,12,8,,10,5
1194,136,62,31,34,8,0,10,,0,12
1195,136,63,31,34,0,0,4,,0,10
1196,1107,64,31,34,0,0,0,,6,0
1197,661,52,32,34,12,8,2,,6,4
1198,136,53,32,34,12,8,2,,12,4
1199,136,54,32,34,12,8,6,,9,1
1200,136,55,32,34,12,8,9,,0,5
1201,136,56,32,34,5,4,9,,1,12
1202,136,57,32,34,5,4,5,,0,6
1203,136,58,32,34,5,12,5,,0,3
1204,136,59,32,34,10,12,5,,10,5
1205,1048,60,32,34,10,12,8,,7,0
1206,1048,61,32,34,8,12,8,,7,5
1207,1107,62,32,34,8,0,10,,4,12
1208,1107,63,32,34,8,0,4,,4,1
1209,1107,64,32,34,0,0,0,,10,0
1210,661,53,33,34,12,8,2,,1,7
1211,661,54,33,34,12,8,11,,1,1
1212,661,55,33,34,11,8,9,,1,12
1213,661,56,33,34,11,8,9,,1,8
1214,136,57,33,34,5,4,9,,10,3
1215,136,58,33,34,5,4,5,,0,3
1216,978,60,33,34,10,12,8,,9,0
1217,978,61,33,34,8,12,8,,6,10
1218,1048,62,33,34,8,12,10,,10,8
1219,1107,63,33,34,8,0,12,2,7,1
1220,1107,64,33,34,0,0,12,2,10,0
1221,661,53,34,34,12,8,11,1,9,7
1222,661,54,34,34,11,8,11,0,9,1
1223,661,55,34,34,11,3,11,0,5,8
1224,661,56,34,34,11,3,9,,12,10
1225,978,57,34,34,11,4,1,,0,10
1226,1048,58,34,34,5,4,1,,0,5
1227,978,59,34,34,10,12,5,,10,10
1228,978,60,34,34,10,12,8,,0,0
1229,978,61,34,34,8,12,12,,0,1
1230,1107,63,34,34,8,6,12,2,9,10
1231,235,64,34,34,4,0,12,,9,0
1232,661,53,35,34,1,1,7,1,1,4
1233,661,54,35,34,11,8,11,0,0,4
1234,661,55,35,34,11,10,11,0,0,1
1235,978,56,35,34,11,10,11,,5,4
1236,978,57,35,34,11,10,3,8,6,4
1237,978,58,35,34,7,3,3,8,10,10
1238,978,59,35,34,10,12,3,,7,10
1239,978,60,35,34,4,12,3,5,10,0
1240,661,54,36,34,1,1,7,11,4,9
1241,661,55,36,34,1,10,7,,4,9
1242,978,56,36,34,1,10,7,,1,9
1243,978,57,36,34,1,10,7,6,9,9
1244,978,58,36,34,4,4,7,10,4,7
1245,978,59,36,34,4,12,7,10,2,7
1246,978,58,37,34,1,5,7,11,7,9
1247,978,59,37,34,1,5,7,11,2,9
1248,852,54,26,35,9,1,2,1,0,7
1249,852,62,26,35,8,12,10,12,4,10
1250,852,53,27,35,11,8,2,7,12,10
1251,852,54,27,35,2,8,6,1,9,4
1252,852,55,27,35,9,1,2,1,0,4
1253,852,59,27,35,10,12,5,12,10,8
1254,852,61,27,35,10,12,8,12,0,7
1255,852,62,27,35,8,12,10,,4,10
1256,1098,64,27,35,0,0,0,12,7,0
1257,852,53,28,35,12,8,2,7,12,7
1258,852,54,28,35,2,8,6,3,12,4
1259,852,55,28,35,12,8,6,1,9,4
1260,852,59,28,35,10,12,5,12,4,8
1261,852,60,28,35,10,11,8,12,4,0
1262,852,61,28,35,10,11,8,,4,7
1263,852,62,28,35,8,11,10,,4,10
1264,1098,63,28,35,0,0,4,,4,1
1265,1098,64,28,35,0,0,0,12,4,0
1266,852,56,29,35,5,3,9,7,9,7
1267,852,57,29,35,10,12,5,12,9,1
1268,852,58,29,35,10,12,5,12,4,5
1269,852,59,29,35,10,11,5,,2,8
1270,852,60,29,35,10,11,8,,2,0
1271,136,61,29,35,10,11,8,,7,1
1272,136,62,29,35,8,0,10,,4,5
1273,1098,63,29,35,0,0,4,,4,10
1274,1098,64,29,35,0,0,0,,0,0
1275,1098,65,29,35,0,0,0,,6,0
1276,136,53,30,35,12,8,2,,12,4
1277,852,54,30,35,12,8,2,,12,7
1278,852,55,30,35,12,8,9,7,9,10
1279,852,56,30,35,5,4,9,12,9,5
1280,852,57,30,35,10,12,5,,6,12
1281,852,58,30,35,10,12,5,,4,8
1282,136,60,30,35,10,12,8,12,4,0
1283,136,61,30,35,10,12,8,12,10,5
1284,136,62,30,35,8,0,10,2,10,8
1285,136,63,30,35,0,0,4,2,10,10
1286,136,64,30,35,0,0,0,,0,0
1287,1098,65,30,35,0,0,0,,10,0
1288,136,53,31,35,12,8,2,,12,4
1289,136,54,31,35,12,8,2,,1,7
1290,852,55,31,35,5,4,9,,10,8
1291,136,56,31,35,5,12,9,,0,3
1292,852,57,31,35,10,12,5,,4,2
1293,136,58,31,35,10,12,5,,4,3
1294,136,59,31,35,10,12,5,12,4,5
1295,136,60,31,35,10,12,8,12,0,0
1296,136,61,31,35,10,12,8,12,0,12
1297,136,62,31,35,8,0,10,2,0,12
1298,136,63,31,35,0,0,4,2,10,10
1299,136,64,31,35,0,0,0,,0,0
1300,136,65,31,35,0,0,0,,10,0
1301,136,53,32,35,12,8,2,,12,7
1302,661,54,32,35,12,8,2,,9,10
1303,136,55,32,35,5,4,9,,10,3
1304,136,56,32,35,5,4,9,,10,6
1305,136,57,32,35,5,12,5,,4,2
1306,136,58,32,35,10,12,5,12,0,2
1307,136,59,32,35,10,12,5,12,0,5
1308,136,60,32,35,10,12,8,,0,0
1309,1048,62,32,35,8,0,10,,4,12
1310,136,63,32,35,8,0,4,,7,1
1311,136,64,32,35,0,0,0,,4,0
1312,661,53,33,35,12,8,2,1,1,1
1313,661,54,33,35,12,8,11,0,9,5
1314,661,55,33,35,11,4,11,0,12,6
1315,661,56,33,35,11,4,9,,6,6
1316,136,57,33,35,5,4,9,,4,3
1317,939,58,33,35,5,4,5,,4,6
1318,939,59,33,35,10,12,5,,0,10
1319,939,60,33,35,10,12,8,,6,0
1320,1107,64,33,35,0,0,12,,10,0
1321,661,55,34,35,11,3,11,0,12,6
1322,661,56,34,35,11,3,11,,1,8
1323,978,57,34,35,11,4,11,,10,1
1324,143,58,34,35,5,4,3,,10,5
1325,143,60,34,35,10,12,3,,4,0
1326,143,61,34,35,8,12,3,,10,1
1327,1107,63,34,35,8,6,12,,0,1
1328,661,55,35,35,11,10,7,0,7,5
1329,978,57,35,35,11,10,7,,10,4
1330,143,58,35,35,4,4,3,,4,1
1331,978,59,35,35,4,12,3,10,7,1
1332,978,60,35,35,4,12,3,10,10,0
1333,978,61,35,35,4,12,7,10,4,7
1334,978,57,36,35,1,10,7,6,9,9
1335,978,58,36,35,1,10,7,6,4,4
1336,978,59,36,35,1,5,7,6,2,4
1337,978,61,36,35,1,5,7,11,7,9
1338,978,58,37,35,1,1,7,11,10,9
1339,852,53,26,36,11,4,2,4,6,3
1340,852,53,27,36,11,4,2,4,9,12
1341,852,60,27,36,10,12,8,12,6,0
1342,852,62,27,36,8,12,10,12,4,5
1343,1098,64,27,36,0,0,0,12,2,0
1344,852,54,28,36,5,8,2,4,9,1
1345,852,60,28,36,10,12,8,12,0,0
1346,136,61,28,36,10,12,8,,0,7
1347,852,62,28,36,8,12,10,,4,5
1348,1098,64,28,36,0,0,0,12,4,0
1349,852,54,29,36,5,4,2,4,9,1
1350,852,55,29,36,5,3,9,4,9,7
1351,852,56,29,36,10,3,9,12,1,10
1352,852,57,29,36,10,12,5,12,9,10
1353,852,59,29,36,10,12,5,12,7,10
1354,852,60,29,36,10,12,8,,7,0
1355,136,61,29,36,10,12,8,,4,7
1356,136,62,29,36,8,12,10,,4,8
1357,1098,63,29,36,0,0,4,,10,5
1358,1098,64,29,36,0,0,0,12,6,0
1359,136,53,30,36,5,4,2,,6,4
1360,852,54,30,36,5,4,2,,6,1
1361,852,55,30,36,5,4,9,4,0,5
1362,852,56,30,36,10,12,9,12,6,12
1363,852,57,30,36,10,12,5,12,0,3
1364,852,58,30,36,10,12,5,,4,8
1365,136,59,30,36,10,12,5,,7,10
1366,136,60,30,36,10,12,8,12,10,0
1367,136,61,30,36,10,12,8,12,10,10
1368,136,62,30,36,8,0,10,2,10,12
1369,1098,63,30,36,0,0,4,,10,5
1370,1098,64,30,36,0,0,0,,6,0
1371,136,53,31,36,9,4,2,,9,7
1372,852,54,31,36,5,4,2,,6,10
1373,852,55,31,36,5,4,9,,7,3
1374,852,56,31,36,10,12,9,,4,2
1375,852,57,31,36,10,12,5,,4,11
1376,136,58,31,36,10,12,5,,4,3
1377,136,59,31,36,10,12,5,12,10,10
1378,136,60,31,36,10,12,8,12,0,0
1379,136,61,31,36,10,12,8,12,6,12
1380,136,62,31,36,8,0,10,2,6,12
1381,136,63,31,36,0,0,4,2,10,10
1382,661,53,32,36,12,8,2,,12,1
1383,661,54,32,36,12,4,2,,6,5
1384,661,55,32,36,5,4,9,,10,2
1385,136,56,32,36,5,4,9,,4,11
1386,852,57,32,36,5,12,5,,4,11
1387,852,58,32,36,10,12,5,,0,2
1388,136,59,32,36,10,12,5,,0,10
1389,136,62,32,36,8,0,10,2,0,8
1390,136,63,32,36,8,0,4,2,7,10
1391,136,64,32,36,0,0,0,2,4,0
1392,661,53,33,36,2,8,11,1,1,10
1393,661,54,33,36,12,8,11,0,6,8
1394,661,55,33,36,11,4,11,0,12,2
1395,661,56,33,36,11,4,9,,0,6
1396,136,58,33,36,5,4,5,,4,6
1397,978,61,33,36,8,12,8,,0,10
1398,136,63,33,36,8,0,12,2,2,1
1399,136,64,33,36,0,0,12,2,10,0
1400,661,53,34,36,6,1,7,1,6,1
1401,661,54,34,36,11,1,11,0,6,5
1402,661,55,34,36,11,3,11,0,12,3
1403,661,56,34,36,11,3,11,0,9,8
1404,978,57,34,36,11,4,11,,0,1
1405,136,58,34,36,5,4,3,,4,8
1406,978,59,34,36,4,12,3,,11,1
1407,978,60,34,36,4,12,3,10,4,0
1408,978,61,34,36,4,12,3,,4,1
1409,136,63,34,36,4,6,12,,10,4
1410,1107,64,34,36,4,0,7,,10,0
1411,661,54,35,36,1,1,7,11,6,4
1412,661,55,35,36,1,10,7,6,10,10
1413,661,56,35,36,1,10,7,,9,4
1414,978,57,35,36,1,10,7,,0,9
1415,978,58,35,36,1,1,7,6,4,7
1416,978,59,35,36,1,5,7,10,7,4
1417,978,61,35,36,1,5,7,10,10,4
1418,978,58,36,36,1,1,7,11,10,9
1419,852,53,25,37,5,4,2,4,6,2
1420,852,53,26,37,5,4,2,4,6,6
1421,852,53,27,37,5,4,2,4,9,3
1422,852,53,28,37,5,4,2,4,6,1
1423,852,53,29,37,5,4,2,4,0,7
1424,136,62,29,37,8,12,10,,7,12
1425,1098,63,29,37,8,12,4,,4,10
1426,1098,64,29,37,0,0,0,12,0,0
1427,136,62,30,37,8,12,10,,7,3
1428,1098,63,30,37,8,0,4,,4,5
1429,1098,64,30,37,0,0,0,12,0,0
1430,136,53,31,37,9,4,2,,6,1
1431,852,54,31,37,5,4,2,,10,5
1432,852,57,31,37,5,12,5,12,4,2
1433,136,58,31,37,10,12,5,,4,3
1434,136,59,31,37,10,12,5,12,4,10
1435,136,62,31,37,8,12,10,2,10,3
1436,1098,63,31,37,8,0,4,,7,10
1437,136,53,32,37,9,1,2,,1,10
1438,852,54,32,37,5,4,11,,0,8
1439,136,59,32,37,10,12,5,12,10,10
1440,136,62,32,37,8,12,10,2,10,8
1441,136,63,32,37,8,0,12,2,7,10
1442,661,54,33,37,9,1,11,1,0,8
1443,661,55,33,37,11,4,11,0,6,6
1444,852,58,33,37,5,4,3,,10,3
1445,978,59,33,37,5,4,3,,4,10
1446,136,62,33,37,8,12,12,2,7,10
1447,136,63,33,37,8,12,12,2,11,1
1448,136,64,33,37,4,0,12,10,4,0
1449,661,53,34,37,6,2,7,11,6,7
1450,661,54,34,37,1,1,7,11,10,10
1451,661,55,34,37,11,10,7,0,6,10
1452,978,58,34,37,9,1,7,1,4,10
1453,978,59,34,37,9,5,7,10,2,7
1454,978,60,34,37,9,5,7,10,4,0
1455,136,63,34,37,4,12,7,10,7,9
1456,661,55,35,37,1,1,7,11,9,4
1457,661,56,35,37,1,1,7,11,6,9
1458,978,58,35,37,1,1,7,11,4,9
1459,978,59,35,37,1,1,7,11,7,9
1460,852,53,25,38,5,4,2,4,6,6
1461,852,53,26,38,5,4,2,4,6,6
1462,136,62,33,38,4,12,7,10,7,10
1463,852,53,25,39,5,8,2,4,0,5
1464,136,63,34,39,1,2,7,11,8,9
